	text	i_f01	i_f02	i_f03	i_f04	i_f05	i_f06	i_f07	i_f08	i_f09	i_f10	i_f11	i_f12	i_f13	i_f14	i_f15	i_f16	i_f17	i_f18	i_f19	i_f20	i_f21	i_f22	i_f23	i_f24	i_f25	i_f26	i_f27	i_f28	i_f29	i_f30	i_f31	i_f32	i_f33
0	            难受啊	0	0	0	0	0	0	0	0	0	0	0	0	0	0	0	0	0	0	0	0	0	0	0	0	0	0	0	0	0	0	0	0	0
1	            预言贴:印度某平民窟，会爆发新一轮疫情	0	0	0	0	0	0	0	0	0	0	0	0	0	0	0	0	0	0	0	0	0	0	0	0	0	0	0	0	0	0	0	0	0
2	            豁	0	0	0	0	0	0	0	0	0	0	0	0	0	0	0	0	0	0	0	0	0	0	0	0	0	0	0	0	0	0	0	0	0
3	            刀了	0	0	0	0	0	0	0	0	0	0	0	0	0	0	0	0	0	0	0	0	0	0	0	0	0	0	0	0	0	0	0	0	0
4	            ...这波他们在33层	0	0	0	0	0	0	0	0	0	0	0	0	0	0	0	0	0	0	0	0	0	0	0	0	0	0	0	0	0	0	0	0	0
5	 	0	0	0	0	0	0	0	0	0	0	0	0	0	0	0	0	0	0	0	0	0	0	0	0	0	0	0	0	0	0	0	0	0
6	            这不需要预言 就印度那情况是肯定	0	0	0	0	0	0	0	0	0	0	0	0	0	0	0	0	0	0	0	0	0	0	0	0	0	0	0	0	0	0	0	0	0
7	            可怜啊。	0	0	0	0	0	0	0	0	0	0	0	0	0	0	0	0	0	0	0	0	0	0	0	0	0	0	0	0	0	0	0	0	0
8	            膜拜大神	0	0	0	0	0	0	0	0	0	0	0	0	0	0	0	0	0	0	0	0	0	0	0	0	0	0	0	0	0	0	0	0	0
9	            分享贴子  原贴已被屏蔽或删除。来自：tieba.baidu.com/p/7327238252	0	0	0	0	0	0	0	0	0	0	0	0	0	0	0	0	0	0	0	0	0	0	0	0	0	0	0	0	0	0	0	0	0
10	            双重突变就是同时开了嗜血和狂暴，杀伤力能不强吗？	0	0	0	0	0	0	0	0	0	0	0	0	0	0	0	0	0	0	0	0	0	0	0	0	0	0	0	0	0	0	0	0	0
11	            不是双重突变，是三重突变！	0	0	0	0	0	0	0	0	0	0	0	0	0	0	0	0	0	0	0	0	0	0	0	0	0	0	0	0	0	0	0	0	0
12	 	0	0	0	0	0	0	0	0	0	0	0	0	0	0	0	0	0	0	0	0	0	0	0	0	0	0	0	0	0	0	0	0	0
13	            截至2020年底，全球累计确诊人数超过8000万例	0	0	0	0	0	0	0	0	0	0	0	0	0	0	0	0	0	0	0	0	0	0	0	0	0	0	0	0	0	0	0	0	0
14	            还在继续加速！	0	0	0	0	0	0	0	0	0	0	0	0	0	0	0	0	0	0	0	0	0	0	0	0	0	0	1	0	0	1	0	0	0
15	            马上就要1亿了。（或许实际已经超了）	0	0	0	0	0	0	0	0	0	0	0	0	0	0	0	0	0	0	0	0	0	0	0	0	0	0	0	0	0	0	0	0	0
16	 	0	0	0	0	0	0	0	0	0	0	0	0	0	0	0	0	0	0	0	0	0	0	0	0	0	0	0	0	0	0	0	0	0
17	            在SARS爆发前15年，国医前往英国深造呼吸学	0	0	0	0	0	0	0	0	0	0	0	0	0	0	0	0	0	0	0	0	0	0	0	0	0	0	0	0	0	0	0	0	0
18	            同源80%	0	0	0	0	0	0	0	0	0	0	0	0	0	0	0	0	0	0	0	0	0	0	0	0	0	0	0	0	0	0	0	0	0
19	 	0	0	0	0	0	0	0	0	0	0	0	0	0	0	0	0	0	0	0	0	0	0	0	0	0	0	0	0	0	0	0	0	0
20	            越来越多	0	0	0	0	0	0	0	0	0	0	0	0	0	0	0	0	0	0	0	0	0	0	0	0	0	0	0	0	0	0	0	0	0
21	 1月10日，全球累计确诊人数超过9000万例。1月15日，全球累计死亡人数200万例。	0	0	0	0	0	0	0	0	0	0	0	0	0	0	0	0	0	0	0	0	0	0	0	0	0	0	0	0	0	0	0	0	0
22	            现在还在加速	0	0	0	0	0	0	0	0	0	0	0	0	0	0	0	0	0	0	0	0	0	0	0	0	0	0	0	0	0	0	0	0	0
23	 1月26日，全球累计确诊人数超过1亿例。	0	0	0	0	0	0	0	0	0	0	0	0	0	0	0	0	0	0	0	0	0	0	0	0	0	0	0	0	0	0	0	0	0
24	            可怕	0	0	0	0	0	0	0	0	0	0	0	0	0	0	0	0	0	0	0	0	0	0	0	0	0	0	0	0	0	0	0	0	0
25	 2月17日，全球累计确诊人数超过1.1亿例。近期新增速度减缓，现有数出现下降。	0	0	0	0	0	0	0	0	0	0	0	0	0	0	0	0	0	0	0	0	0	0	0	0	0	0	0	0	0	0	0	0	0
26	            疫苗暂时起了些作用	0	0	0	0	0	0	0	0	0	0	0	0	0	0	0	0	0	0	0	0	0	0	0	0	0	0	0	0	0	0	0	0	0
27	            耶洛因（外星科学家）在地球上创造的生命是平衡的，也就是说，在动物、植物、和人类世界之间是一个自我平衡的生态系统。关于这一点，对狐狸和兔子之间数量平衡的研究就是一个很好的例子。头一年兔子的数量增加了，随后几年狐狸得到更多食物，数量增加过多，以至于兔子的数量又不够了，而狐狸的数量也随之减少，等等等等……自然法则保证了完美的平衡。 人类也逃脱不了自然的法则。 人口过多造成了成千上万种动植物的灭绝。海洋中所含的鱼类比20年前减少了50%，我们食用的鸡、猪和牛从未见过大自然，它们被挤成堆，一动不能动，这并不是种很好的感觉。 自然法则将产生病毒，来消灭过剩的人口。如果狼和狮子无法阻止人类的过度繁衍，小小的病毒就来了。 可以预见到的，是比冠状病毒具有更强毒性的病毒会出现，使得人口锐减（直至十分之一）。剩下8亿人口的人类将会更好的在地球上和谐相处，也包括同动植物的和谐相处。 没有人会因被病毒夺去的生命和遭受的苦难而幸灾乐祸，但幸存下来的人却需要严格控制人口以避免再次出现人口过剩。否则的话，自然法则会再次出手。到那时，幸存的人类将生活在一个天堂般的星球上，再也没有人会死于饥饿或战争。	0	0	0	0	0	0	0	0	0	0	0	0	0	0	0	0	0	0	0	0	0	0	0	0	0	0	0	0	0	0	0	0	0
28	 	0	0	0	0	0	0	0	0	0	0	0	0	0	0	0	0	0	0	0	0	0	0	0	0	0	0	0	0	0	0	0	0	0
29	            但早上起来一看口罩都戴上了！	0	0	0	0	0	0	0	0	0	0	0	0	0	0	0	0	0	0	0	0	0	0	0	0	0	0	0	0	0	0	0	0	0
30	            我们可以尝试举行一个活动，每一层设计一个新冠新的变异，然后再楼中尝试研究这个变异的原因和治疗方案	0	0	0	0	0	0	0	0	0	0	0	0	0	0	0	0	0	0	0	0	0	0	0	0	0	0	0	0	0	0	0	0	0
31	            有时候会设想 宇宙会不会像细菌一样渺小，想象宇宙之外会有无止境的边缘与物体，就像地球上的物质总合也分几千亿个种类等级，宇宙中有无数个星系 无数种有机星球，也可能有无数种生命和更高级的文明或是更可怕的存在，空间与生命消失后又会演变循环出什么，我不知道这类事情想多了是出于好奇探索还是会成就日后的神经兮兮，其实就是不甘心当下，无知无畏，想了解的更多，有大神知道吗？ 有和我一样的人吗？	0	0	0	0	0	0	0	0	0	0	0	0	0	0	0	0	0	0	0	0	0	0	0	0	0	0	0	0	0	0	0	0	0
32	            宇宙的形状是怎样？宇宙内的物质是否再大爆炸之初就均匀的抛射出去，若宇宙内物质不均，那么是宇宙外部有什么存在对宇宙施加了影响吗？若宇宙物质均匀分布，那这物质世界为什么会有宇宙这唯一的物质聚合体。物质的基础单位原子是由电子围绕原子核以光速转动构成，那我的手掌接触墙壁时，墙壁的原子所带的电子是否与我手掌上的原子所带的电子在相互抨击，这样为何没有产生力，还是说这个力已经表现出来了，它阻止了我的手掌与墙壁融合。若集合半个宇宙的物质与能量做一个超算，以数字拟态地球过去某一瞬间的所有物质的性状，再往后推论，是否可以得到与现实一样的结果。若是一样的结果，那改变那一瞬间的某个历史事件，往后推演一万年，是否可以推演出人类不同进化路线？而现实世界会不会是某个存在的超算模拟的结果，其主程序只推演宇宙这一唯一物质世界，所以才会有一个宇宙，当这个存在对推演不满意时，回拨时间线，物质世界所有的物质都逐帧回档，我们的身体，激素分泌，思维所有的分子原子都一步步回到之前的状态，而我们茫然无知。就像我们拨动视频的进度条一样，也许这个世界已经重演了无数次。脑洞，就是想打字，就是玩	0	0	0	0	0	0	0	0	0	0	0	0	0	0	0	0	0	0	0	0	0	0	0	0	0	0	0	0	0	0	0	0	0
33	            外星爸爸们，快来救救地球吧	0	0	0	0	0	0	0	0	0	0	0	0	0	0	0	0	0	0	0	0	0	0	0	0	0	0	0	0	0	0	0	0	0
34	            应该先让给外国人	0	0	0	0	0	0	0	0	0	0	0	0	0	0	0	0	0	0	0	0	0	0	0	0	0	0	0	0	0	0	0	0	0
35	            无语	0	0	0	0	0	0	0	0	0	0	0	0	0	0	0	0	0	0	0	0	0	0	0	0	0	0	0	0	0	0	0	0	0
36	            我想等疫苗技术成熟之后再打	0	0	0	0	0	0	0	0	0	0	0	0	0	0	0	0	0	0	0	0	0	0	0	0	0	0	0	0	0	0	0	0	0
37	            打完了没啥不良反应就是第二针胳膊疼了一天	0	0	0	0	0	0	0	0	0	0	0	0	0	0	0	0	0	0	0	0	0	0	0	0	0	0	0	0	0	0	0	0	0
38	 第二针北京生物疫苗预约不到！！！	0	0	0	0	0	0	0	0	0	0	0	0	0	0	0	0	0	0	0	0	0	0	0	0	0	0	0	0	0	0	0	0	0
39	            真是圣人啊。。。	0	0	0	0	0	0	0	0	0	0	0	0	0	0	0	0	0	0	0	0	0	0	0	0	0	0	0	0	0	0	0	0	0
40	            冷就倒霉吗？	0	0	0	0	0	0	0	0	0	0	0	0	0	0	0	0	0	0	0	0	0	0	0	0	0	0	0	0	0	0	0	0	0
41	            河北   黑龙江  封闭管理	0	0	0	0	0	0	0	0	0	0	0	0	0	0	0	0	0	0	0	0	0	0	0	0	0	0	0	0	0	0	0	0	0
42	            冷是一方面，黑龙江地理位置容易偷渡，以前是很多人偷跑出去赚钱，现在是很多人偷跑回来躲疫情…当然这次是不是这个原因还有待追溯	0	0	0	0	0	0	0	0	0	0	0	0	0	0	0	0	0	0	0	0	0	0	0	0	0	0	0	0	0	0	0	0	0
43	            挨着毛熊的原因	0	0	0	0	0	0	0	0	0	0	0	0	0	0	0	0	0	0	0	0	0	0	0	0	0	0	0	0	0	0	0	0	0
44	 	0	0	0	0	0	0	0	0	0	0	0	0	0	0	0	0	0	0	0	0	0	0	0	0	0	0	0	0	0	0	0	0	0
45	            黑龙江好啊！	0	0	0	0	0	0	0	0	0	0	0	0	0	0	0	0	0	0	0	0	0	0	0	0	0	0	0	0	0	0	0	0	0
46	            现在国外各种变异新冠开始流行，巴西的变异新冠不再只是中老年人杀手而是开始对30-50岁的青壮年杀伤力增强，英国的对抗体穿透以及致死率提高30%，还有其它两三种增强型，都汇聚北美了，也不知道几种变异凑一块又会变出啥玩意。国内灭活疫苗虽然说不能包抵抗，但至少能减少重症几率，部分地方还是免费的，该打还是要打。	0	0	0	0	0	0	0	0	0	0	0	0	0	0	0	0	0	0	0	0	0	0	0	0	0	0	0	0	0	0	0	0	0
47	            是这个道理	0	0	0	0	0	0	0	0	0	0	0	0	0	0	0	0	0	0	0	0	0	0	0	0	0	0	0	0	0	0	0	0	0
48	            第一针国内都在强制性了吧，到现在第一针没打的真的赶快了	0	0	0	0	0	0	0	0	0	0	0	0	0	0	0	0	0	0	0	0	0	0	0	0	0	0	0	0	0	0	0	0	0
49	            之前社区说有了疫苗通知。结果到现在还没有。	0	0	0	0	0	0	0	0	0	0	0	0	0	0	0	0	0	0	0	0	0	0	0	0	0	0	0	0	0	0	0	0	0
50	            SHUIDA SHUI SHABI	0	0	0	0	0	0	0	0	0	0	0	0	0	0	0	0	0	0	0	0	0	0	0	0	0	0	0	0	0	0	0	0	0
51	 外国喜欢养蛊，病人尸体不烧	0	0	0	0	0	0	0	0	0	0	0	0	0	0	0	0	0	0	0	0	0	0	0	0	1	0	0	0	0	0	0	0	0
52	            不是说不带地名么？埃博拉，马尔堡不都带地名？只是单纯的疑问。	0	0	0	0	0	0	0	0	0	0	0	0	0	0	0	0	0	0	0	0	0	0	0	0	0	0	0	0	0	0	0	0	0
53	            还有西班牙流感	0	0	0	0	0	0	0	0	0	0	0	0	0	0	0	0	0	0	0	0	0	0	0	0	0	0	0	0	0	0	0	0	0
54	            我个人觉得只是一个名字，为何wx病毒就算是污名化？	0	0	0	0	0	0	0	0	0	0	0	0	0	0	0	0	0	0	0	0	0	0	0	0	0	0	0	0	0	0	0	0	0
55	            外国人不那么玻璃心吧	0	0	0	0	0	0	0	0	0	0	0	0	0	0	0	0	0	0	0	0	0	0	0	0	0	0	0	0	0	0	0	0	0
56	            还有香港禽流感	0	0	0	0	0	0	0	0	0	0	0	0	0	0	0	0	0	0	0	0	0	0	0	0	0	0	0	0	0	0	0	0	0
57	            只是这一次不让用地名了，以免引发zz联想	0	0	0	0	0	0	0	0	0	0	0	0	0	0	0	0	0	0	0	0	0	0	0	0	0	0	0	0	0	0	0	0	0
58	            非洲猪瘟，尼罗河病毒，新冠英国变种病毒。。。地名一直在用着呢。	0	0	0	0	0	0	0	0	0	0	0	0	0	0	0	0	0	0	0	0	0	0	0	0	0	0	0	0	0	0	0	0	0
59	            这些地方没有攻击价值2333	0	0	0	0	0	0	0	0	0	0	0	0	0	0	0	0	0	0	0	0	0	0	0	0	0	0	0	0	0	0	0	0	0
60	            正是因为以前以地名、动物名命名病毒，造成的地域及物种歧视，自2015年世卫组织就发布指南，不建议以地名、物种名等命名病毒，并不是专门为中国才提出的。	0	0	0	0	0	0	0	0	0	0	0	0	0	0	0	0	0	0	0	0	0	0	0	0	0	0	0	0	0	0	0	0	0
61	            因为直读和翻译的问题你觉得埃博拉是地名，但在当地人感官里埃博拉不是埃博拉，而是读作Ebola的某种本地文字，可能是当地的某种信仰，如同我们叫黄河为母亲河，一如洞庭湖是云梦泽——武汉在湖北省——洞庭湖北方的省的病毒——洞庭湖边上的病毒——云梦泽病毒，直读yumezer virus,这样你会有感觉么？但是另外起名wxvirus这就是污名化了	0	0	0	0	0	0	0	0	0	0	0	0	0	0	0	1	0	0	0	0	0	0	0	0	0	0	0	0	0	0	0	0	0
62	            还有香港脚呢。	0	0	0	0	0	0	0	0	0	0	0	0	0	0	0	0	0	0	0	0	0	0	0	0	0	0	0	0	0	0	0	0	0
63	            想咨询一下，治愈了的人后遗症大不大？会不会股骨头坏死的？	0	0	0	0	0	0	0	0	0	0	0	0	0	0	0	0	0	0	0	0	0	0	0	0	0	0	0	0	0	0	0	0	0
64	            这得看激素用多少	0	0	0	0	0	0	0	0	0	0	0	0	0	0	0	0	0	0	0	0	0	0	0	0	0	0	0	0	0	0	0	0	0
65	            不会，但是对肺有不可逆的伤害	0	0	0	0	0	0	0	0	0	0	0	0	0	0	0	0	0	0	0	0	0	0	0	0	0	0	0	0	0	0	0	0	0
66	            肺钙化	0	0	0	0	0	0	0	0	0	0	0	0	0	0	0	0	0	0	0	0	0	0	0	0	0	0	0	0	0	0	0	0	0
67	 美国佬已经送药来啦。	0	0	0	0	0	0	0	0	0	0	0	0	0	0	0	0	0	0	0	0	0	0	0	0	1	0	0	0	0	0	0	0	0
68	            重症的还是激素不过用量少了	0	0	0	0	0	0	0	0	0	0	0	0	0	0	0	0	0	0	0	0	0	0	0	0	0	0	0	0	0	0	0	0	0
69	            小蝶不会得病	0	0	0	0	0	0	0	0	0	0	0	0	0	0	0	0	0	0	0	0	0	0	0	0	0	0	0	0	0	0	0	0	0
70	            就临床统计来看，尚未发现人体的任何一个器官可以逃脱新冠的后遗症影响。甚至包括头发和指甲。	0	0	0	0	0	0	0	0	0	0	0	0	0	0	0	0	0	0	0	0	0	0	0	0	0	0	0	0	0	0	0	0	0
71	 	0	0	0	0	0	0	0	0	0	0	0	0	0	0	0	0	0	0	0	0	0	0	0	0	0	0	0	0	0	0	0	0	0
72	            楼主人还在吗	0	0	0	0	0	0	0	0	0	0	0	0	0	0	0	0	0	0	0	0	0	0	0	0	0	0	0	0	0	0	0	0	0
73	            我三月初打了新冠疫苗，现在肩上一直有个小疙瘩，和黑的针眼，这正常么，我很少生病，从不打针，打完针都是这样的么，会不会是什么肿瘤，医院那些虽然近但是看起来很忙，主要我从来没有主动打过针	0	0	0	0	0	0	0	0	0	0	0	0	0	0	0	0	0	0	0	0	0	0	0	0	0	0	0	0	0	0	0	0	0
74	            有点半强制的打的，看到这个心理很不舒服	0	0	0	0	0	0	0	0	0	0	0	0	0	0	0	0	0	0	0	0	0	0	0	0	0	0	0	0	0	0	0	0	0
75	 	0	0	0	0	0	0	0	0	0	0	0	0	0	0	0	0	0	0	0	0	0	0	0	0	0	0	0	0	0	0	0	0	0
76	            合适。	0	0	0	0	0	0	0	0	0	0	0	0	0	0	0	0	0	0	0	0	0	0	0	0	0	0	0	0	0	0	0	0	0
77	            打嘛，没问题	0	0	0	0	0	0	0	0	0	0	0	0	0	0	0	0	0	0	0	0	0	0	0	0	0	0	0	0	0	0	0	0	0
78	            强制吗？	0	0	0	0	0	0	0	0	0	0	0	0	0	0	0	0	0	0	0	0	0	0	0	0	0	0	0	0	0	0	0	0	0
79	            美国科研部门在海水中发现了新冠病毒的踪迹，大家最近还是少买生鲜的海产品小心中招！！有其他吧的吧友曾提出全球气温升高，使南北两级冰盖大面积融化，很多史前的细菌或病毒会激活复苏！难道新冠真是从海洋中向人类传播的？！恐怖😱！！	0	0	0	0	0	0	0	0	0	0	0	0	0	0	0	0	0	0	0	0	0	0	0	0	0	0	0	0	0	0	0	0	0
80	            啊这	0	0	0	0	0	0	0	0	0	0	0	0	0	0	0	0	0	0	0	0	0	0	0	0	0	0	0	0	0	0	0	0	0
81	            不奇怪吧，海水什么茵都有的啦。不是说一开始生命都来于海的吗？	0	0	0	0	0	0	0	0	0	0	0	0	0	0	0	0	0	0	0	0	0	0	0	0	0	0	0	0	0	0	0	0	0
82	            首先要搞清楚几点，第一，是在五六个海滩中其中一个海滩的海水样品中检出病毒痕迹，第二，该样品中病毒含量极低，只有之前城市污水样品中检出病毒痕迹含量的十万分之一，第三，是检出病毒存在的痕迹，并不是活体病毒综合以上三点，该样品之所以会验出病毒存在的痕迹，有可能是因为采样的时候，附近就有沾染了病毒的物体在水中，所以刚好被收集到极微量的病毒碎片所以因为这一点就恐慌的话，实在是过分敏感，而且严重缺乏科学常识	0	0	0	0	0	0	0	0	0	0	0	0	0	0	0	0	0	0	0	0	0	0	0	0	0	0	0	0	0	0	0	0	0
83	 	0	0	0	0	0	0	0	0	0	0	0	0	0	0	0	0	0	0	0	0	0	0	0	0	0	0	0	0	0	0	0	0	0
84	 	0	0	0	3	0	0	0	0	0	0	0	0	0	0	0	0	0	0	0	0	0	0	0	0	0	0	0	0	0	0	0	0	0
85	            空气中也有病毒，不呼吸了不成，做好防范就行了	0	0	0	0	0	0	0	0	0	0	0	0	0	0	0	0	0	0	0	0	0	0	0	0	0	0	0	0	0	0	0	0	0
86	 	0	0	0	0	0	0	0	0	0	0	0	0	0	0	0	0	0	0	0	0	0	0	0	0	0	0	1	0	0	1	0	0	0
87	            一开始说是野生动物，现在又水下生物了，估计再过些时候，就轮到家禽家兽了，以后，咱们人类都吃素	0	0	0	0	0	0	0	0	0	0	0	0	0	0	0	0	0	0	0	0	0	0	0	0	0	0	0	0	0	0	0	0	0
88	 芜湖~~~~~	0	1	0	0	0	0	0	0	0	0	0	0	0	0	0	0	0	0	0	0	0	0	0	0	0	0	0	0	0	0	0	0	0
89	            要么呆傻要么心怀不轨别有企图	0	0	0	0	0	0	0	0	0	0	0	0	0	0	0	0	0	0	0	0	0	0	0	0	0	0	0	0	0	0	0	0	0
90	            印度凭一己之力带崩全球疫情，谭德塞紧急发声，最担心之事发生印度还不断的通过恒河排垃圾到印度洋，包括新冠病毒在内吧。	0	0	0	0	0	0	0	0	0	0	0	0	0	0	0	0	0	0	0	0	0	0	0	0	0	0	0	0	0	0	0	0	0
91	            az	0	0	0	0	0	0	0	0	0	0	0	0	0	0	0	0	0	0	0	0	0	0	0	0	0	0	0	0	0	0	0	0	0
92	            不奇怪 不奇怪 海水没感染才奇怪	0	0	0	0	0	0	0	0	0	0	0	0	0	0	0	0	0	0	0	0	0	0	0	0	0	0	0	0	0	0	0	0	0
93	 告诉你们一个细思极恐的推论，目前新冠变异得越来越不怕高温了，有发现么？去年夏天一到立马就少了很多感染率，这就可以推论出新冠之前是发迹在低温的环境，所以最初不适应高温的环境而在低温环境中传染率高升，现在却逐渐适应了，那么这种情况，推论有2种可能，第一种就是在冰川之中的原始病毒苏醒了，还有一种就是实验室的作品，因为这种病毒如果在实验室中，当然是低温保存了，除此之外，还有第三种可能么？	0	0	0	0	0	0	0	0	0	0	0	0	0	0	0	1	0	0	0	0	0	0	0	0	0	0	0	0	0	0	0	0	0
94	            刚刚打完第一针，完全没感觉，一点也不疼。现在手有点没劲，其他的挺好。	0	0	0	0	0	0	0	0	0	0	0	0	0	0	0	0	0	0	0	0	0	0	0	0	0	0	0	0	0	0	0	0	0
95	            得儿和的小白鼠	0	0	0	0	0	0	0	0	0	0	0	0	0	0	0	0	0	0	0	0	0	0	0	0	0	0	0	0	0	0	0	0	0
96	            将夜 柳白 门下	0	0	0	0	0	0	0	0	0	0	0	0	0	0	0	0	0	0	0	0	0	0	0	0	0	0	0	0	0	0	0	0	0
97	            加油	0	0	0	0	0	0	0	0	0	0	0	0	0	0	0	0	0	0	0	0	0	0	0	0	0	0	0	0	0	0	0	0	0
98	            退还部分庚子赔款，强盗发现可能抢的太凶，这个家要垮掉，为了继续获得利益，必须让这个家活下去，顺便刷波声望来骗骗楼主这种傻X。国与国之间只有利益，美国只是为了利益而做了一些事情，中日开战那么久，美国佬援助了日本人多少楼主清楚吗？？ 飞虎队那些飞行员我们当然要感谢的，但他们是怎么进来的你知道吗？ 他们是雇佣兵！！开国后的朝战，麦克阿瑟是怎么叫嚣的楼主知道吗？银河号事件楼主知道吗？南斯拉夫大使馆被炸楼主知道吗？南海上空的坠机楼主忘记了吗？华为中兴事件楼主不明白美国在做什么吗？？？真不知道楼主是哪里来的傻X？CIA培养的吧？附：美国所谓退还“庚子赔款”的背景美国在《辛丑条约》签订谈判过程中便要求其他几位强盗将赔款总额限定在“中国政府有能力偿付”的范围内，之所以这么做不是因为美国这个强盗善良，而是他的的眼光还是非常长远的——如果索赔过多，导致清政府垮台，“美国必定失去我们现在正极力想弄到手的那几百万美元。”经济上的考量。1890年，美国工业产品总值首次超过农产品总值；1900年，工业产品总值是农产品总值的2倍。从全球层面来看，1860年，美国工业产值位居世界第四，30多年后，1894年，美国工业产值跃居世界第一，总量占到欧洲所有国家总量的50%，到了1913年，美国工业总产值比后四名的英、法、德、日四国的总量还高。1905年因为美国出台排华法案，中国开始了抵制美货。美国在中国人民心中的声誉降到了最低点，因此对华贸易大受影响。在抵制美货的1905年到1907年这三年中，美国对华商品出口总额呈直线下降。1905年为5500多万元，1906年下降到4300多万元，1907年更是只有2500万元。1906年美国对华出口量比1905年年下降42.2%，纺织品对华出口下降1/2，石油下降1/3。美国在华资本家哀叹：如果中国抵制美货运动持续下去，美国各厂家可以关闭六个月。中国资产阶级中的有识之士则借此机会大声疾呼：“如今我们大家齐心，共同抵制美货,提倡大家使用国货，促进中国经济发展，杜绝给美货机会。这样我们的本国商业才能发展。。据当时的《时报》记载，“自抵制美约之风潮起，花旗面粉大为滞销。”上海国产的布以前“连年亏损”而在1905年“生意之佳，为往年所未有，实因各处相戒不用美货，是以本布销杨，顿形畅旺。”当时美国驻华公使柔克义向罗斯福建议用退还庚子赔款的方式来平息中国人的愤怒，并建议将退还款子供中国派遣学生赴美留学使用。文化上。美国著名外交史学者威廉威廉姆斯认为，“扩张是阻止社会动荡、保持民主和恢复繁荣的途径”。美国人认为扩张体现出美利坚民族生机勃勃的开拓与创新精神。美国对外是以文化“软实力”作为一种特殊政策工具并在国际政治关系中施加其影响，成为美国穿越障碍的一种更重要的强大渗透工具。文化是国家利益的载体，是美国扩张主义外交中不可或缺的重要组成部分，从而形成了美国三大扩张政策（领土扩张、经济扩张、政治扩张）之外的又一扩张——文化扩张。大家熟知的电影、美剧等等无不是在宣传美国的文化观，最终的结果就是经济上的扩张。包括清朝末期美国基督教传教士到中国传教身上实际上是肩负着文化扩张的任务。美国士兵在故宫列队到1908年，中国赴美留学人数未超过300人。相形见绌的是，中国留日的学生数却逐年增加。从1905年到1907年间。赴日留学的学生不断增加，从一开始的8000人，到1906年则达到了11900人，到了1907年虽然有所回落但仍有9000多名中国学生留学日本。詹姆斯是伊力诺依大学的校长，他于年初提交了一份《关于派遣教育考察团去中国的备忘录》给罗斯福，对当时大批中国学生赴日本留学的状况感到不安，一旦这些学生从日本学成归国后，将劝告中国仿效日本，其结果将与美国最终的战略目标以及在华的利益互不相容。他认为：“在中国若想要在商业、知识以及精神上获得最大可能的利益，那么这个国家就必然要成功地教育中国年轻一代。假如美国在年前能将中国学生成功地吸引进来，并且进一步发展，那么美国这种从文化上控制中国的方式无疑是最巧妙的”。“我们可以不让华工入境，但我们必须善待中国学生”。“这种道德的影响的扩大，甚至从纯物质的观念来说，也能比用别的方法收获更多”。“哪一个国家能够成功教育这一代中国青年，哪一个国家就将因此而在精神与商业两方面收获最大的回报。如果美国在35年前能成功吸引中国的留学流，并使其壮大，那么我们此时就能以最圆满和最巧妙的方式控制中国的发展，那就是以知识和精神操纵中国领袖的方式。”“与军旗相比，道义与精神将更有力地支配美国在商业上持久地获利。”美国这个强盗算盘打得极精。	0	0	0	0	0	0	0	0	0	0	0	0	0	0	0	0	0	0	0	0	0	0	0	0	0	0	0	0	0	0	0	0	0
99	            愤青兄弟，进错吧了，都没人回复你，你一个人在这无能狂怒？	0	0	0	0	0	0	0	0	0	0	0	0	0	0	0	0	0	0	0	0	0	0	0	0	0	0	0	0	0	0	0	0	0
100	            一个瘟疫炸出来这么多精美的**，这要打起仗来不得都砖扭头就调转枪口打咱中国人哦	0	0	0	0	0	0	0	0	0	0	0	0	0	0	0	0	0	0	0	0	0	0	0	0	0	0	0	0	0	0	0	0	0
101	            楼主说这么多也没用，现实是很多人并没有大历史观，看不到海洋国家从来都是对世界岛采取的大陆制衡政策这个实质。反而精神斯德哥尔摩征患者众多。	0	0	0	0	0	0	0	0	0	0	0	0	0	0	0	0	0	0	0	0	0	0	0	0	0	0	0	0	0	0	0	0	0
102	 为了美国口粮 祖宗都不要了 某些人	0	0	0	0	0	0	0	0	0	0	0	0	0	0	0	0	0	0	0	0	0	0	0	0	0	0	0	0	0	0	0	0	0
103	            l love usa	0	0	0	0	0	0	0	0	0	0	0	0	0	0	0	0	0	0	0	0	0	0	0	0	0	0	0	0	0	0	0	0	0
104	            请理智对待，不要舔也不要损，国与国之间只存在利益。	0	0	0	0	0	0	0	0	0	0	0	0	0	0	0	0	0	0	0	0	0	0	0	0	0	0	0	0	0	0	0	0	0
105	            放弃幻想	0	0	0	0	0	0	0	0	0	0	0	0	0	0	0	0	0	0	0	0	0	0	0	0	0	0	0	0	0	0	0	0	0
106	            美国人挺好的，研制出药物，主动放弃专利，免费给我们用。要知道研发费可是几百上千亿美元啊，真心感谢美国人。	0	0	0	0	0	0	0	0	0	0	0	0	0	0	0	0	0	0	0	0	0	0	0	0	0	0	0	0	0	0	0	0	0
107	            网上精美群体很多呀，远远超过精日	0	0	0	0	0	0	0	0	0	0	0	0	0	0	0	0	0	0	0	0	0	0	0	0	0	0	0	0	0	0	0	0	0
108	            我怀疑有人买小号刷	0	0	0	0	0	0	0	0	0	0	0	0	0	0	0	0	0	0	0	0	0	0	0	0	0	0	0	0	0	0	0	0	0
109	            跪舔美帝的都是什么人？你敢公布部级以上家人绿卡情况吗？	0	0	0	0	0	0	0	0	0	0	0	0	0	0	0	0	0	0	0	0	0	0	0	0	0	0	0	0	0	0	0	0	0
110	            辛丑条约和你有什么关系啊，那是大清	0	0	0	0	0	0	0	0	0	0	0	0	0	0	0	0	0	0	0	0	0	0	0	0	0	0	0	0	0	0	0	0	0
111	            说这么多，谁她，，妈，看，屁话	0	0	0	0	0	0	0	0	0	0	0	0	0	0	0	0	0	0	0	0	0	0	0	0	0	0	0	0	0	0	0	0	0
112	            美国红会都不是好人	0	0	0	0	0	0	0	0	0	0	0	0	0	0	0	0	0	0	0	0	0	0	0	0	0	0	0	0	0	0	0	0	0
113	 	0	0	0	0	0	0	0	0	0	0	0	0	0	0	0	0	0	0	0	0	0	0	0	0	0	0	0	0	0	0	0	0	0
114	            同时还有一个信息报道，有在城市打拼的1500万回乡创业去了。。。。。。回乡创业，回乡， 回乡	0	0	0	0	0	0	0	0	0	0	0	0	0	0	0	0	0	0	0	0	0	0	0	0	0	0	0	0	0	0	0	0	0
115	            大学job这么难找，那里缺人？	0	0	0	0	0	0	0	0	0	0	0	0	0	0	0	0	0	0	0	0	0	0	0	0	0	0	0	0	0	0	0	0	0
116	            号称用工荒的站出来遛一圈，今年至少百万大学生。来，举个爪	0	0	0	0	0	0	0	0	0	0	0	0	0	0	0	0	0	0	0	0	0	0	0	0	0	0	0	0	0	0	0	0	0
117	            通过家庭和社会关系确实是最有效的求职途径没错啊用工倒确实不荒，待职的人一抓一大把	0	0	0	0	0	0	0	0	0	0	0	0	0	0	0	0	0	0	0	0	0	0	0	0	1	0	0	1	0	0	0	0	0
118	 视频来自：百度贴吧	0	0	0	0	0	0	0	0	0	0	0	0	0	0	0	0	0	0	0	0	0	0	0	0	0	0	0	0	0	0	0	0	0
119	            马来西亚王牌巫师在医院手抓新冠病毒治病，这动作看起来很到位。但不带口罩就出来表演是不对的，事后该巫师被感染，隔离治疗中。	0	0	0	0	0	0	0	0	0	0	0	0	0	0	0	0	0	0	0	0	0	0	0	0	0	0	0	0	0	0	0	0	0
120	            都没有戴口罩啊	0	0	0	0	0	0	0	0	0	0	0	0	0	0	0	0	0	0	0	0	0	0	0	0	0	0	0	0	0	0	0	0	0
121	            太不懂事了	0	0	0	0	0	0	0	0	0	0	0	0	0	0	0	0	0	0	0	0	0	0	0	0	0	0	0	0	0	0	0	0	0
122	            不相信科学	0	0	0	0	0	0	0	0	0	0	0	0	0	0	0	0	0	0	0	0	0	0	0	0	0	0	0	0	0	0	0	0	0
123	            这围着的，有一个算一个，别跑。	0	0	0	0	0	0	0	0	0	0	0	0	0	0	0	0	0	0	0	0	0	0	0	0	0	0	0	0	0	0	0	0	0
124	            神人	0	0	0	0	0	0	0	0	0	0	0	0	0	0	0	0	0	0	0	0	0	0	0	0	0	0	0	0	0	0	0	0	0
125	            厉害了	0	0	0	0	0	0	0	0	0	0	0	0	0	0	0	0	0	0	0	0	0	0	0	0	0	0	0	0	0	0	0	0	0
126	            哈哈哈哈笑死	0	0	0	0	0	0	0	0	0	0	0	0	0	0	0	0	0	0	0	0	0	0	0	0	0	0	0	0	0	0	0	0	0
127	            巫师	0	0	0	0	0	0	0	0	0	0	0	0	0	0	0	0	0	0	0	0	0	0	0	0	0	0	0	0	0	0	0	0	0
128	 	0	0	0	0	0	0	0	0	0	0	0	0	0	0	0	0	0	0	0	0	0	1	0	0	0	0	0	0	0	0	0	0	0
129	            农煮啥呀农？	0	0	0	0	0	0	0	0	0	0	0	0	0	0	0	0	0	0	0	0	0	0	0	0	0	0	0	0	0	0	0	0	0
130	            这医院也是够了整个病房没一个“戴口罩”	0	0	0	0	0	0	0	0	0	0	0	0	0	0	0	0	0	0	0	0	0	0	0	0	1	0	0	0	0	0	0	0	0
131	            还王牌我去，这些人是怎么活到现在的？	0	0	0	0	0	0	0	0	0	0	0	0	0	0	0	0	0	0	0	0	0	0	0	0	0	0	0	0	0	0	0	0	0
132	            那美国就是相信通用祈祷祷告上帝来治疗	0	0	0	0	0	0	0	0	0	0	0	0	0	0	0	0	0	0	0	0	0	0	0	0	0	0	0	0	0	0	0	0	0
133	            使者雷尔分享帖子：国外有很多关于血凝块和你在这里看到的警告。这一反应来自辉瑞公司（生产的疫苗）。图文：接种辉瑞公司生产的疫苗之后，一位老人身上出现了血泡。阅读（来自外星人耶洛因的书）了解人类的起源与未来酒零武山八玖壹壹山    裙下免费书阅读祝愿世界永远和平	0	0	0	0	0	0	0	0	0	0	0	0	0	0	0	0	0	0	0	0	0	0	0	0	0	0	0	0	0	0	0	0	0
134	            哪里能打到辉瑞？	0	0	0	0	0	0	0	0	0	0	0	0	0	0	0	0	0	0	0	0	0	0	0	0	0	0	0	0	0	0	0	0	0
135	            说什么“破辉瑞”？人家叫：PFIZER	0	0	0	0	0	0	0	0	0	0	0	0	0	0	0	0	0	0	0	0	0	0	0	0	1	0	0	0	0	0	0	0	0
136	            分享贴子  网络安全的问题来自：tieba.baidu.com/p/7326115115	0	0	0	0	0	0	0	0	0	0	0	0	0	0	0	0	0	0	0	0	0	0	0	0	0	0	0	0	0	0	0	0	0
137	            史上最强病毒?	0	0	0	0	0	0	0	0	0	0	0	0	0	0	0	0	0	0	0	0	0	0	0	0	0	0	0	0	0	0	0	0	0
138	            3年结束	0	0	0	0	0	0	0	0	0	0	0	0	0	0	0	0	0	0	0	0	0	0	0	0	0	0	0	0	0	0	0	0	0
139	            流感和感冒不一样，流感病毒很猛的，每年因流感死亡几十万	0	0	0	0	0	0	0	0	0	0	0	0	0	0	0	0	0	0	0	0	0	0	0	0	0	0	0	0	0	0	0	0	0
140	            人造玩意当然厉害	0	0	0	0	0	0	0	0	0	0	0	0	0	0	0	0	0	0	0	0	0	0	0	0	0	0	0	0	0	0	0	0	0
141	            西班牙流感是两年左右才结束。新冠估计没三五年结束不了。	0	0	0	0	0	0	0	0	0	0	0	0	0	0	0	0	0	0	0	0	0	0	0	0	0	0	0	0	0	0	0	0	0
142	            最强的肯定是非典	0	0	0	0	0	0	0	0	0	0	0	0	0	0	0	0	0	0	0	0	0	0	0	0	0	0	0	0	0	0	0	0	0
143	            因为是人造的生化武器所以厉害	0	0	0	0	0	0	0	0	0	0	0	0	0	0	0	0	0	0	0	0	0	0	0	0	0	0	0	0	0	0	0	0	0
144	            感谢这108个国家的认真防疫，防控疫情，人人有责，希望全球疫情快点结束，恢复正常的生活秩序	0	0	0	0	0	0	0	0	0	0	0	0	0	0	0	0	0	0	0	0	0	0	0	0	0	0	0	0	0	0	0	0	0
145	            呵呵	0	0	0	0	0	0	0	0	0	0	0	0	0	0	0	0	0	0	0	0	0	0	0	0	0	0	0	0	0	0	0	0	0
146	            这个名次是谁排的？	0	0	0	0	0	0	0	0	0	0	0	0	0	0	0	0	0	0	0	0	0	0	0	0	1	0	0	0	0	0	0	0	0
147	            这个国际合作得分是认真的？	0	0	0	0	0	0	0	0	0	0	0	0	0	0	0	0	0	0	0	0	0	0	0	0	0	0	0	0	0	0	0	0	0
148	            西方拍的就不用看了	0	0	0	0	0	0	0	0	0	0	0	0	0	0	0	0	0	0	0	0	0	0	0	0	0	0	0	0	0	0	0	0	0
149	            马斯克或许会颠覆航空行业，让飞机成为过去　　马斯克从不缺乏想象，也不缺乏实践。他已经打开了电动汽车行业的大门，通过Starship星际飞船和超级高铁（Hyperloop），他或许还会颠覆航空行业。本文译自Medium，作者Will Lockett，原标题为Is Elon Musk About To Make The AviationI ndustry Obsolete?，希望对您有所启发。　　埃隆·马斯克(ElonMusk)倾向于革新行业，比如PayPal、特斯拉和SpaceX。他是否准备在航空业上也革新一把呢？　　2019年，全球航空业产生了9.15亿吨二氧化碳，约占全球人类碳排放量的2%。这是我们集体足迹的很大一部分。　　加入马斯克吧，他已经启动了汽车领域的电动革命。他会在航空业上做同样的事情吗？遗憾的是，你短期内不会看到特斯拉飞机，电池还是太重了！但埃隆还有锦囊妙计。事实上，他有两个方法，这两个方法不会革新航空业，相反，它们会彻底摧毁航空业。这就是埃隆·马斯克的计划，让污染严重、速度缓慢、沉闷乏味的飞机变得无用。　　他的第一个方法是火箭，大火箭。　　Starship星际飞船是能带我们去火星的飞船，装载能力为100吨以上。但是，马斯克如何负担得起开发这样一艘飞船的费用呢？如何通过利用它来击败长途航班，从而在地球上的洲际旅游业中大赚一笔呢？让我解释一下。　　任何有价值的火箭都必须将有效载荷送入近地轨道(LEO)。LEO就在大气层之外，要想上近地轨道，你需要速度足够快。国际空间站在LEO，它的运行速度约为7.66公里/秒或17135英里/小时。以这个速度，你可以在40分钟内从纽约旅行到悉尼(9929英里)。相比之下，一架飞机要花大约一天的时间才能完成同样的旅程。　　所以如果Starship星际飞船可以在任何天气下持续着陆而不会爆炸，那么理论上，它可以从纽约起飞，进入LEO一段时间，然后在一小时内重新进入澳大利亚上空！所以在Starship星际飞船上可能不提供电影，可能只有一集情景喜剧。难吃的飞机餐也没有了，因为会在微重力状态下飘离你。　　所以，Starship星际飞船可以跑过地球上的任何飞机？但是它环保吗？而且这项服务会花很多钱吗？　　虽然一艘Starship星际飞船在发射过程中会消耗4600吨推进剂，但它的效率和环保程度是相当高的。这是因为Starship星际飞船和它的助推器火箭(超重型)是以甲烷为燃料的。　　甲烷燃烧时非常干净，产生的副产品极少。让我们将其与NASA的SLS火箭进行比较，SLS火箭是一种氢固体火箭助推器，其有效载荷明显低于Starship的70%。一艘SLS发射产生大约538吨二氧化碳，5.1吨烟灰，8.5吨氮氧化物，302吨无机氯（基本上就是催泪瓦斯）和423吨氧化铝。这些不同的化学物质，都对大气有害。　　相比之下，Starship星际飞船产生2683吨二氧化碳和1.7吨氮氧化物，除了一些水蒸气，没有任何有毒的催泪瓦斯或任何东西。Starship星际飞船每公斤有效载荷确实比SLS多产生60%的碳，但这并不奇怪。　　当火箭变得更大时，它们的燃料使用量往往会飙升。这是因为他们需要更多的推力来转移更重的重量，这意味着需要更多的燃料来驱动更大的引擎，这意味着它更重，这意味着它需要更多的推力，更多的燃料，等等。因此，Starship星际飞船运载超过42%，每公斤只多产生60%的碳，这是不可思议的事实。氮氧化物的含量出奇的低是因为甲烷在相对较低的温度下燃烧。总而言之，Starship星际飞船是最干净的火箭之一！　　但从某种角度来看，我的2009款大众高尔夫S1.4已经行驶了80000英里，在这段距离中只产生了102吨二氧化碳(至少根据大众的数据……)。这意味着星际飞船飞行产生的二氧化碳相当于我行驶2，104，313.7英里所产生的二氧化碳。因此，将这艘星际飞船称为“生态友好型”似乎有点牵强。但这取决于甲烷的来源。　　如果埃隆想让星际飞船达到碳中和，这其实很简单。地球上的生物大量产生甲烷。大多数厌氧菌吸收二氧化碳并利用它进行化学反应，在此过程中产生甲烷，这被称为甲烷生成。这就是屁中甲烷的来源，来源于你肠道中的厌氧菌。但是，因为这些生物使用的二氧化碳是从大气中抽出来的，这意味着从这些生物来源收集的甲烷是碳中和的。　　甲烷之所以成为碳中和燃料的好选择，是因为你不需要一个庞大而复杂的生物/合成燃料工厂，只需获取排放的**甲烷，你就拥有了火箭燃料。更少的基础设施，更少的污染，更容易获得和生产碳中性火箭燃料。　　所以下次***的时候，你可以大声宣布，你在生产可以把我们带到火星的火箭燃料。话虽如此，我还是应该写一篇关于要放多少个屁才能把我们送到火星的文章……　　所以，Starship星际飞船的二氧化碳比任何喷气式飞机或螺旋桨飞机更容易达到碳中和。你甚至可以更进一步，因为最近的技术进步使NOx捕获变得可行，而且由于每次发射产生的量很小，你也可以轻松抵消这种污染。这几乎就像是马斯克把Starship星际飞船设计成一个碳中和的火箭……　　那么，价格呢？这么大的火箭一定很贵吧？SpaceX公司并没有透露票价，但我们可以通过他们公布的数据和一些粗略的类比得到一个合理的估计。　　马斯克曾表示，他希望每次发射的成本为200万美元。所以乘客的票价必须达到这个数字。他还说过，近地轨道的有效载荷将超过100吨，我们知道它至少需要100吨，所以我们用这个数字来计算。由此，我们得到了每公斤20美元的价格，比今天的任何火箭都便宜(SLS每公斤6000美元)。　　现在，我们不能就这么把100吨重的人推到船上然后就收工了。让我们用一架波音747来模拟安全舒适的需求。747的载客量为366人，有效载荷为112.7吨。这意味着每位乘客的自身、座位、行李和飞机上的物品会占用约308公斤的重量空间。　　以747作为一个粗略的类比，我们可以猜测Starship星际飞船至少可以搭载325名乘客，总成本为200万美元，或者每位乘客6153美元。这可与今天的中程长途飞行相媲美。只是需要40分钟，不是一整天。例如，在我写这篇文章时，新加坡航空公司从纽约到悉尼的单程机票价格为10969.89美元，需要34个小时。而且这还不是最便宜的机票，由于新冠疫情，机票仍然很贵。但是，在疫情爆发前，同样的旅程的头等舱机票花费超过2万美元，这并不可能的。SpaceX可以让你的旅行时间缩短30倍，体验零重力，价格不到头等舱的一半，相当于高价经济舱。　　不难看出，即使马斯克每张机票的收费远远超过5万美元，全球定期航也会持续售空。你终究会去太空的。按照这个价格，他每次发射将获得超过14，250，275美元的收益。这就是埃隆开发能把我们带到火星的方法，用它也能在地球上赚很多钱。　　我甚至还没搞清楚埃隆会如何利用旧石油钻井平台作为Starship星际飞船的可移动起降平台。那是另一回的事了。　　因此，Starship星际飞船比目前航空行业的任何一家公司都更便宜、更快、更环保。长途飞机可能很快就会成为过去。但是，短途旅行呢？　　这次，方法不在于寻找星星，而是在我们的脚下，那就是超级高铁（Hyperloop）。　　与SpaceX不同，我们还没有任何价格或有效载荷，所以我无法做任何有趣的分析。但当你看超级高铁的工程时，也会发现它更快、更便宜、更环保。　　超级高铁实际上就是一列穿越真空管的豪华列车。这款游戏的理念是，玩家在自己选择的目的地(比如洛杉矶和旧金山)之间打通一条隧道，然后将其中所有的空气都吸走。然后你将一列加压火车(你希望乘客能够在几乎没有空气阻力的情况下前进)送入管道，这样不仅速度快，而且效率高。　　理论上，这样的系统可以达到760英里每小时(比波音747快190英里每小时)，并且完全由可再生能源提供动力。更棒的是，马斯克建议他可以开发一种汽车运输系统，你可以把电动汽车开到火车上，快速到达目的地，然后从另一端开出去。　　洛杉矶到旧金山是超级高铁计划中的第一条线路，路程约375英里。坐飞机大约需要一个半小时，坐超级高铁应该只需要半个小时！　　现在，超级高铁远不及Starship发达，但马斯克已经和他的亿万富翁朋友理查德·布兰森合作，将其开发成功能性原型机，然后进行商业运营。有趣的是，布兰森，一个在航空业有相当大的股份的人，也已经在与马斯克合作这个项目了。这就好像他预测超级高铁将在未来几年内取代飞机旅行，并希望加入这场革命一样。　　当然，鉴于所有这些，我是在猜测。我不知道埃隆·马斯克(ElonMusk)内心的想法，但我能说的是，马斯克正在采取一些重大的行动，以主宰运输行业，不仅在地球上，而且在太空中。而且，似乎没有人能妨碍他。　　所以，无论你想去哪里，无论是开车去商店，还是去附近的国家旅行，还是飞越半个地球，甚至是降落在另一个星球的表面，马斯克都为你准备了一艘飞船。　　准备好迎接未来几十年的精彩旅行吧。	0	0	0	0	0	0	0	0	0	0	0	0	0	0	0	0	0	0	0	0	0	0	0	0	0	0	0	0	0	0	0	0	0
150	            降不了机	0	0	0	0	0	0	0	0	0	0	0	0	0	0	0	0	0	0	0	0	0	0	0	0	0	0	0	0	0	0	0	0	0
151	            武汉重启一周年，你有什么话想对在武汉的人说？	0	0	0	0	0	0	0	0	0	0	0	0	0	0	0	0	0	0	0	0	0	0	0	0	0	0	0	0	0	0	0	0	0
152	            咱，就不旅游了吧	0	0	0	0	0	0	0	0	0	0	0	0	0	0	0	0	0	0	0	0	0	0	0	0	0	0	0	0	0	0	0	0	0
153	            皮3 皮4还在呢，赶快走吧。	0	0	0	0	0	0	0	0	0	0	0	0	0	0	0	0	0	0	0	0	0	0	0	0	0	0	0	0	0	0	0	0	0
154	            整点烟火味	0	0	0	0	0	0	0	0	0	0	0	0	0	0	0	0	0	0	0	0	0	0	0	0	0	0	0	0	0	0	0	0	0
155	            请吧主勿手滑。	0	0	0	0	0	0	0	0	0	0	0	0	0	0	0	0	0	0	0	0	0	0	0	0	0	0	0	0	0	0	0	0	0
156	            有一个蝙蝠快要死了，在他临死的时候遇见了上帝，上帝对他说：在你临死之前我可以满足你来生的愿望。蝙蝠说：第一我死的时候又黑又瘦，希望来生我可以变的又白又胖第二我一辈子没有喝过人血，希望来生可以多喝人血第三我还想保留我的翅膀第四我一辈子没有碰过女人，希望来生可以多接触女人！上帝说：就这些？蝙蝠回答说：恩。不一会蝙蝠睁开眼发现自己变成了一包春思鸟卫生巾	0	0	0	0	0	0	0	0	0	0	0	0	0	0	0	0	0	0	0	0	0	0	0	0	0	0	0	0	0	0	0	0	0
157	 	0	0	0	0	0	0	0	0	0	0	0	0	0	0	0	0	0	0	0	0	0	0	0	0	0	0	0	0	0	0	0	0	0
158	            《扶正祛邪-破茧重生》【扶】助正气压邪恶，【正】邪颠倒引灾祸，【祛】除邪气正气升，【邪】不胜正断祸根；【破】除壁障修正念，【茧】开蜕变迎新生，【重】获自由展双翅，【生】机盎然尽情飞。《扶正祛邪-破茧重生》一切探索皆以人类健康为导向序言：古人一直在寻求大道，何谓大道？所谓的大道不过是事物的本质、真相，运行规律、作用机理等一些列探索发现，让世人能更好的认识自己，认识宇宙。现有科学与宗教不过是人类认识自己，认识宇宙的过程产物，随着人类文明的进步与科技的发展，会不断更新人类对内、外宇宙的发现与认知。宇宙大道——成、住、坏、空；人生大道——生、老、病、死。蝼蚁尚且贪生，追求健康长寿是我们每个人的权利，要想拥有健康就必须了解人体的奥秘，而探索人体奥秘，从古至今从未停止探索的步伐。人类是宇宙中具有高度智慧的有灵生物之一。身、心、灵三位一体，身是指身体，心是指意识与心态，灵是指灵魂。身心灵三者之间相互作用与转化。身体是硬件，承载了的所有组织与器官，意识与灵魂是软件，人体疾病是硬件与软件共同作用的结果，硬件治疗只占康复治疗的百分之二十，而软件治疗占康复治疗的百分之八十。对于慢性疾病的治疗，需要硬件与软件双管齐下，这才是人类健康的医道，能同时兼硬件与软件者，堪称医道之圣手，这是专研医道的最高境界。古伦勇-人生故事深圳-坪山新区2020-05-31目录序言…………………………………………….….... ………….1第一章《为爱而狂》……………………………….…..………4第二章《癌症康复之路》…………………………...……........9第三章《癌症产生的原因》………………………….………..17第四章《癌症治疗的新方向》……………………….………..25第五章《纯绿色疗法轻松治疗癌症》………………….……..33第六章《揭秘癌症真相》………………….…………………..40第七章《肿瘤包块是人体免疫筑起的防御墙》………...……45第八章《医道》………………………………...………………53第九章《揭秘灵魂的真相》…………………..……………….63原方文献（一）《骨胶原蛋白的功效》………………...……..65原方文献（二）《布鲁士蔬菜汁 癌症（断食）疗法》…...….73原方文献（三）《治病留人，不治癌》………………….……81原方文献（四）《云南白药治疗肿瘤》……………………….89附录（一）《抗癌与修行》……………………………..……...95附录（二）《人生就是修行-修行得到人生》….………….…..98附录（三）《开悟之道》…………………………………….….99附录（四）《人类的智慧与潜能》……………………………109附录（五）《意识是万灵之主》………………………………112附录（六）《感悟_慢性疾病的治疗》………………..………117附录（七）《人生故事_心态》…………………………..……136附录（八）《胃癌肝转移_康复之路》…………….…………..144附录（九）《执念》…………………………………………….147附录（十）《发烧的过程与自我防护》………………………150附录（十一）《秘方根治一切骨科疾病》……………………152附录（十二）《治疗血管堵塞中药方剂》……………………155附录（十三）《中药胶囊》…………………………….………157附录（十四）《中医的心理治疗》……………………….……165附录（十五）《康复寄语》…………………………………….166古伦勇-人生故事:百度《扶正祛邪-破茧重生》就能看到所有文章	0	0	0	0	0	0	0	0	0	0	0	0	0	0	0	0	0	0	0	0	0	0	0	0	0	0	0	0	0	0	0	0	0
159	 	0	0	0	0	0	0	0	0	0	0	0	0	0	0	0	0	0	0	0	0	0	0	0	0	0	0	0	0	0	0	0	0	0
160	            PFE>95%,BFE>99.5%,普通KN95，有内置鼻梁条外置鼻梁条，有印KN95在左在右或在中间，有独立包装，10个一包，50个一包，散装，有的有盒有的无盒。全清3分一个，现金交易，不挑不选全部打包拿走的来。	0	0	0	0	0	0	0	0	0	0	0	0	0	0	0	0	0	0	0	0	0	0	0	0	0	0	0	0	0	0	0	0	0
161	 	0	0	0	0	0	0	0	0	0	0	0	0	0	0	0	0	0	0	0	0	0	0	0	0	0	0	0	0	0	0	0	0	0
162	            根据一直追踪全球新冠疫情数据的Worldometer实时统计数据显示，截至北京时间6月28日5时05分，全球新冠肺炎累计死亡病例已超50万例，达到500074例，累计确诊病例也已超过1000万例，达到10043638例。其中，美国累计确诊2587512例，累计死亡128074例，排名全球首位。但据美国约翰斯霍普金斯大学的实时统计数据显示，截至目前，全球新冠肺炎累计死亡病例为495993例，累计确诊病例9882496例。据统计，从5月15日到6月7日，全球新冠肺炎累计死亡病例数从30万到40万用时23天，而从6月7日至6月28日，全球累计死亡病例数从40万到50万用时21天。	0	0	0	0	0	0	0	0	0	0	0	0	0	0	0	0	0	0	0	0	0	0	0	0	0	0	0	0	0	0	0	0	0
163	            美国加油（狗头）	0	0	0	0	0	0	0	0	0	0	0	0	0	0	0	0	0	0	0	0	0	0	0	0	0	0	0	0	0	0	0	0	0
164	            恭喜破千万大关	0	0	0	0	0	0	0	0	0	0	0	0	0	0	0	0	0	0	0	0	0	0	0	0	0	0	0	0	0	0	0	0	0
165	            啊这	0	0	0	0	0	0	0	0	0	0	0	0	0	0	0	0	0	0	0	0	0	0	0	0	0	0	0	0	0	0	0	0	0
166	            美国加油，别被别国超过这种双料冠军	0	0	0	0	0	0	0	0	0	0	0	0	0	0	0	0	0	0	0	0	0	0	0	0	0	0	0	0	0	0	0	0	0
167	            美国……	0	0	0	0	0	0	0	0	0	0	0	0	0	0	0	0	0	0	0	0	0	0	0	0	0	0	0	0	0	0	0	0	0
168	            美国政客：这是个假新闻	0	0	0	0	0	0	0	0	0	0	0	0	0	0	0	0	0	0	0	0	0	0	0	0	0	0	0	0	0	0	0	0	0
169	 蛮好的。让国外继续群体免疫	0	0	0	0	0	0	0	0	0	0	0	0	0	0	0	0	0	0	0	0	0	0	0	0	0	0	0	0	0	0	0	0	0
170	            唉	0	0	0	0	0	0	0	0	0	0	0	0	0	0	0	0	0	0	0	0	0	0	0	0	0	0	0	0	0	0	0	0	0
171	            美国🇺🇸加油！美国🇺🇸努力加油！争取更大的胜利✌	0	0	0	0	0	0	0	0	0	0	0	0	0	0	0	0	0	0	0	0	0	0	0	0	0	0	0	0	0	0	0	0	0
172	            fake news，next	0	0	0	0	0	0	0	0	0	0	0	0	0	0	0	0	0	0	0	0	0	0	0	0	0	0	0	0	0	0	0	0	0
173	            是狠	0	0	0	0	0	0	0	0	0	0	0	0	0	0	0	0	0	0	0	0	0	0	0	0	0	0	0	0	0	0	0	0	0
174	            霉国的确已再次萎大	0	0	0	0	0	0	0	0	0	0	0	0	0	0	0	0	0	0	0	0	0	0	0	0	0	0	0	0	0	0	0	0	0
175	            可怕的数字	0	0	0	0	0	0	0	0	0	0	0	0	0	0	0	0	0	0	0	0	0	0	0	0	0	0	0	0	0	0	0	0	0
176	            一群二货鱼死网破你们结果会很好？？？	0	0	0	0	0	0	0	0	0	0	0	0	0	0	0	0	0	0	0	0	0	0	0	0	0	0	0	0	0	0	0	0	0
177	            形势急转急下，抗疫战争日益严重，屯点口罩宅家里，看着这治愈率很难乐观。	0	0	0	0	0	0	0	0	0	0	0	0	0	0	0	0	0	0	0	0	0	0	0	0	0	0	0	0	0	0	0	0	0
178	            如果我说这玩意比沙士还恐怖，会不会洗地狗说我造谣	0	0	0	0	0	0	0	0	0	0	0	0	0	0	0	0	0	0	0	0	0	0	0	0	0	0	0	0	0	0	0	0	0
179	            我想知道在哪里屯口罩	0	0	0	0	0	0	0	0	0	0	0	0	0	0	0	0	0	0	0	0	0	0	0	0	0	0	0	0	0	0	0	0	0
180	            陡直的增长曲线	0	0	0	0	0	0	0	0	0	0	0	0	0	0	0	0	0	0	0	0	0	0	0	0	0	0	0	0	0	0	0	0	0
181	            日增长突破2000	0	0	0	0	0	0	0	0	0	0	0	0	0	0	0	0	0	0	0	0	0	0	0	0	0	0	0	0	0	0	0	0	0
182	 	0	0	0	0	0	0	0	0	0	0	0	0	0	0	0	0	0	0	0	0	0	0	0	0	0	0	0	0	0	0	0	0	0
183	 	0	0	0	0	0	0	0	0	0	0	0	0	0	0	0	0	0	0	0	0	0	0	0	0	0	0	0	0	0	0	0	0	0
184	 	0	0	0	0	0	0	0	0	0	0	0	0	0	0	0	0	0	0	0	0	0	0	0	0	0	0	0	0	0	0	0	0	0
185	 	0	0	0	0	0	0	0	0	0	0	0	0	0	0	0	0	0	0	0	0	0	0	0	0	0	0	0	0	0	0	0	0	0
186	 	0	0	0	0	0	0	0	0	0	0	0	0	0	0	0	0	0	0	0	0	0	0	0	0	0	0	0	0	0	0	0	0	0
187	 	0	0	0	0	0	0	0	0	0	0	0	0	0	0	0	0	0	0	0	0	0	0	0	0	0	0	0	0	0	0	0	0	0
188	 	0	0	0	0	0	0	0	0	0	0	0	0	0	0	0	0	0	0	0	0	0	0	0	0	0	0	0	0	0	0	0	0	0
189	 	0	0	0	0	0	0	0	0	0	0	0	0	0	0	0	0	0	0	0	0	0	0	0	0	0	0	0	0	0	0	0	0	0
190	            乐观一点，毕竟现在增长数量和基数比起来不算什么了，比起开始的翻倍增长。	0	0	0	0	0	0	0	0	0	0	0	0	0	0	0	0	0	0	0	0	0	0	0	0	0	0	0	0	0	0	0	0	0
191	            你开玩笑?	0	0	0	0	0	0	0	0	0	0	0	0	0	0	0	0	0	0	0	0	0	0	0	0	0	0	0	0	0	0	0	0	0
192	 	0	0	0	0	0	0	0	0	0	0	0	0	0	0	0	0	0	0	0	0	0	0	0	0	0	0	0	0	0	0	0	0	0
193	            因为病毒变异了呀。	0	0	0	0	0	0	0	0	0	0	0	0	0	0	0	0	0	0	0	0	0	0	0	0	0	0	0	0	0	0	0	0	0
194	            1918年大流感的第二波也是年轻人死亡率暴涨，这似乎是病毒变异的一个常态表现	0	0	0	0	0	0	0	0	0	0	0	0	0	0	0	0	0	0	0	0	0	0	0	0	0	0	0	0	0	0	0	0	0
195	            毕竟养蛊国	0	0	0	0	0	0	0	0	0	0	0	0	0	0	0	0	0	0	0	0	0	0	0	0	0	0	0	0	0	0	0	0	0
196	            50几岁算壮年？	0	0	0	0	0	0	0	0	0	0	0	0	0	0	0	0	0	0	0	0	0	0	0	0	0	0	0	0	0	0	0	0	0
197	 	0	0	0	0	0	0	0	0	0	0	0	0	0	0	0	0	0	0	0	0	0	0	0	0	0	0	0	0	0	0	0	0	0
198	            有  来个联系方式	0	0	0	0	0	0	0	0	0	0	0	0	0	0	0	0	0	0	0	0	0	0	0	0	0	0	0	0	0	0	0	0	0
199	 	0	0	0	0	0	0	0	0	0	0	0	0	0	0	0	0	0	0	0	0	0	0	0	0	0	0	0	0	0	0	0	0	0
200	            谢谢吧主支持，优惠券，平时小东西买买，优惠还是蛮多的———小客券赚赚，京东 美团 饿了么 优惠券抵扣，拼多多 唯品会 返现.（关注公众号 网购用得到）谢谢🙏 有问题随时咨询v锦鲤大人 18957247715	0	0	0	0	0	0	0	0	0	0	0	0	0	0	0	0	0	0	0	0	0	0	0	0	0	0	0	0	0	0	0	0	0
201	            被隔离是不是手机也没收了	0	0	0	0	0	0	0	0	0	0	0	0	0	0	0	0	0	0	0	0	0	0	0	0	0	0	0	0	0	0	0	0	0
202	            一直有个疑问。怎么没有看见任何一个被隔离的发点帖子呢。有亲戚被隔离的吗能联系上吗？	0	0	0	0	0	0	0	0	0	0	0	0	0	0	0	0	0	0	0	0	0	0	0	0	0	0	0	0	0	0	0	0	0
203	            我也是有这个疑问	0	0	0	0	0	0	0	0	0	0	0	0	0	0	0	0	0	0	0	0	0	0	0	0	0	0	0	0	0	0	0	0	0
204	            按理说  这是得病了 又不是犯法了 为什么要没收手机呢 之前在一个新闻上看采访一个湖北的  手机没收了 后来消息都是医生护士回复的 然后人没了…	0	0	0	0	0	0	0	0	0	0	0	0	0	0	0	0	0	0	0	0	0	0	0	0	0	0	0	0	0	0	0	0	0
205	            如果被没收了。是什么原因呢？隔离具体每天做什么呢？就躺着？	0	0	0	0	0	0	0	0	0	0	0	0	0	0	0	0	0	0	0	0	0	0	0	0	0	0	0	0	0	0	0	0	0
206	            目前尚无证据表明病毒不能通过无线电波传输	0	0	0	0	0	0	0	0	0	0	0	0	0	0	0	0	0	0	0	0	0	0	0	0	0	0	0	0	0	0	0	0	0
207	            告诉别人生病就没手机看可能比给别人讲道理要有效的多	0	0	0	0	0	0	0	0	0	0	0	0	0	0	0	0	0	0	0	0	0	0	0	0	0	0	0	0	0	0	0	0	0
208	            我猜应该是那些人不让带，即使治愈出来估计也被警告过了。	0	0	0	0	0	0	0	0	0	0	0	0	0	0	0	0	0	0	0	0	0	0	0	0	0	0	0	0	0	0	0	0	0
209	            隔离治疗死了估计也见不到亲人，疫区肯定不是什么人都能进去	0	0	0	0	0	0	0	0	0	0	0	0	0	0	0	0	0	0	0	0	0	0	0	0	0	0	0	0	0	0	0	0	0
210	            这样会非常寂寞了，现在手机是娱乐伴侣了，	0	0	0	0	0	0	0	0	0	0	0	0	0	0	0	0	0	0	0	0	0	0	0	0	0	0	0	0	0	0	0	0	0
211	            至少武汉以外的可以带，黄冈那边有朋友隔离了，一样带，但是医院人那么多，信号很差，别人懒的发帖，就自己手机看看电影啥看看新闻。至于武汉能不能就不知道了	0	0	0	0	0	0	0	0	0	0	0	0	0	0	0	0	0	0	0	0	0	0	0	0	0	0	0	0	0	0	0	0	0
212	            抖音上多的是被隔离的视频，非得在贴吧找	0	0	0	0	0	0	0	0	0	0	0	0	0	0	0	0	0	0	0	0	0	0	0	0	0	0	0	0	0	0	0	0	0
213	            一次性医用口罩大量货 少量KN95口罩 货紧 需要私	0	0	0	0	0	0	0	0	0	0	0	0	0	0	0	0	0	0	0	0	0	0	0	0	0	0	0	0	0	0	0	0	0
214	 	0	0	0	0	0	0	0	0	0	0	0	0	0	0	0	0	0	0	0	0	0	0	0	0	0	0	0	0	0	0	0	0	0
215	            手机是万恶之源，应该禁止出售！	0	0	0	0	0	0	0	0	0	0	0	0	0	0	0	0	0	0	0	0	0	0	0	0	0	0	0	0	0	0	0	0	0
216	            与自己斗争了四天，昨天体温38.5，成功的隔离了，昨晚穿防护服睡得比在家舒服多了        看到白衣天使心里非常安心，无论是否新冠，接受！！        因为没有一片雪花是随意的。        选择承载就是提升能量，不能被打垮！！	0	0	0	0	0	0	0	0	0	0	0	0	0	0	0	0	0	0	0	0	0	0	0	0	0	0	0	0	0	0	0	0	0
217	            分享自己的经验给大家，发热，咳嗽不要乱了自己阵脚，以下三种都中，建议去医院发热门诊确定       1.近十天内，有没有直接接触武汉人或去过武汉       2.持续发热37.3-38.5，咳嗽没有痰或者少量       3.肌肉酸痛，尤其是腰部，连接肩胛骨周围的肉都酸以上症状，我是先吃了莲花清瘟胶囊和双黄连口服液，不一定非要吃了这些药，抗病毒感冒药都可以，四天，症状减轻了就不用去医院，如果加重了，建议去医院	0	0	0	0	0	0	0	0	0	0	0	0	0	0	0	0	0	0	0	0	0	0	0	0	0	0	0	0	0	0	0	0	0
218	            发热第一天我独一人自找了宾馆，开始了长期斗争，因为我家里有两个老人，两个孩子，老婆又怀孕，不能有外一非常时期走一公里都没饭吃，自己买了煲汤锅既然什么都搞不了，干嘛不把自己身体营养搞起来	0	0	0	0	0	0	0	0	0	0	0	0	0	0	0	0	0	0	0	0	0	0	0	0	0	0	0	0	0	0	0	0	0
219	            发热第二天      人没有约束的时候一定会萎靡加颓废的在宾馆一个人隔离，20平方不到的房间请问你能干些啥？看看电视，玩玩手机，然后就胡思乱想发现玩手机真的很浪费生命，不知不觉一上午还没起床就中午了，早餐和药都没按时吃，自己严重检讨自己可能身体舒服了，放松警惕了，自己给自己一个耳光---必须自律，对自己负责按时作息，做室内运动，洗衣服	0	0	0	0	0	0	0	0	0	0	0	0	0	0	0	0	0	0	0	0	0	0	0	0	0	0	0	0	0	0	0	0	0
220	            在宾馆无聊就打电话给小卡片聊聊天啊	0	0	0	0	0	0	0	0	0	0	0	0	0	0	0	0	0	0	0	0	0	0	0	0	1	0	0	0	0	0	0	0	0
221	            继续啊	0	0	0	0	0	0	0	0	0	0	0	0	0	0	0	0	0	0	0	0	0	0	0	0	0	0	0	0	0	0	0	0	0
222	            发热第三天今天体温还是持续37.4，咳嗦。规律作息以后，按时吃药，吃饭，上床精神好多了，隔壁大早上传了嗯嗯嗯的声音，足足一个上午，特别好奇，年轻人真棒，我有点想念老婆了，生活很美好，我们一定要坚持，心里战胜恶魔，做好自己，剩下的看天了开始练习脑场训练，听心经，跟读忏悔录，只是个人信仰，大家不要喷我！	0	0	0	0	0	0	0	0	0	0	0	0	0	0	0	0	0	0	0	0	0	0	0	0	0	0	0	0	0	0	0	0	0
223	            刚做完采血，吊水呢，先吃医院提供的爱心早餐，等下再继续回忆录，大把时间，提醒大家信心最重要，遇到困难坦然面对，其他的看天，生活无限好，多做功德，才能转变命运！	0	0	0	0	0	0	0	0	0	0	0	0	0	0	0	0	0	0	0	0	0	0	0	0	0	0	0	0	0	0	0	0	0
224	            收藏了，等后续	0	0	0	0	0	0	0	0	0	0	0	0	0	0	0	0	0	0	0	0	0	0	0	0	0	0	0	0	0	0	0	0	0
225	            关注我的朋友保证你对我特别感兴趣，我就是个奇葩人生讲完肺炎斗争史，我的人生史更精彩，所以我这次必须能战胜恶魔！	0	0	0	0	0	0	0	0	0	0	0	0	0	0	0	0	0	0	0	0	0	0	0	0	0	0	0	0	0	0	0	0	0
226	            速更	0	0	0	0	0	0	0	0	0	0	0	0	0	0	0	0	0	0	0	0	0	0	0	0	0	0	0	0	0	0	0	0	0
227	            发烧第四天，体温37.8昨天刚对美好人生充满期望的时候，恶魔无情的考验我，体温从37.8马上38了，小样的挺咧害滴呀，好，物理降温，洗温水澡方法可以妈呦，个破宾馆，没热水了，那隔壁情侣咋收拾战场滴啊，，，，，，呜呜自己都这样了，还忧天下所忧！老方法，毛巾敷额头，酒精擦腋窝，擦大腿根，发现光溜溜的自己身材还不错，大腿根两个动脉强有力的跳动，我一定会好的我嘞个去，北方的水真冷，外面白雪皑皑，还是摸自己最舒服，因为自己体温比室内高多了，哎呀，别摸了，冷死了，上床吧	0	0	0	0	0	0	0	0	0	0	0	0	0	0	0	0	0	0	0	0	0	0	0	0	0	0	0	0	0	0	0	0	0
228	            七天好了的话就是感冒	0	0	0	0	0	0	0	0	0	0	0	0	0	0	0	0	0	0	0	0	0	0	0	0	0	0	0	0	0	0	0	0	0
229	            尽可能多喝开水	0	0	0	0	0	0	0	0	0	0	0	0	0	0	0	0	0	0	0	0	0	0	0	0	0	0	0	0	0	0	0	0	0
230	            第一项，第二项都没有只有第三项背部有点酸痛 肚脐往上两到3cm那个后面需要去吗？	0	0	0	0	0	0	0	0	0	0	0	0	0	0	0	0	0	0	0	0	0	0	0	0	0	0	0	0	0	0	0	0	0
231	            业内消息人士称，由David Neeleman创立的新航司微风航空Breeze Airways计划增购20架空客A220-300飞机。　　微风航空是一家初创航司，目前订购了80架飞机，计划从今年夏天开始运营。微风航空后续还计划用A220执行跨大西洋航班。继4月25日启航伯班克市的avelo航空公司这是今年第二家起飞的航空公司。	0	0	0	0	0	0	0	0	0	0	0	0	0	0	0	0	0	0	0	0	0	0	0	0	0	0	0	0	0	0	0	0	0
232	            新冠肺炎感染者在无症状的潜伏期中是否能具有传染力，以及何时能够传染给其他人，是此次疫情的一大焦点。最新的研究显示，在潜伏期，特别是在潜伏期的最后三天，新冠病毒感染者极具传播力。潜伏期可传染密切接触者的特点，可能导致隔离漏洞，需要进一步采取强有力的措施，以遏制疫情。以上结论来自华中科技大学同济医学院公共卫生学院、华中科技大学同济医学院药学院的研究团队于3月6日刊登在预印网站medRxiv上的一篇论文（未经同行评议），通讯作者为华中科大公共卫生学院副院长徐顺清。研究通过收集确诊病例的人口统计学特征，接触史和症状发作时间等数据，评估了50个感染集群，包括124例患者在潜伏期的传播潜力。所有继发病例都与症状发作之前的第一代病例有过接触。研究估计新冠肺炎平均潜伏期为4.9天（95％置信区间，4.4至5.4天），范围为0.8至11.1天（2.5％至97.5％）。感染曲线显示，73.0％的继发病例感染日期是在第一代病例的症状发作之前，尤其是在第一代病例潜伏期的最后三天。样本显示：第一代病例出现症状之前的三天内，便已感染66.2％的继发病例武汉市病例的迅速增加，促使人们开始关注是否存在未及时发现或隔离的感染病例。SARS和MERS感染者很少会在潜伏期感染他人，但是新冠病毒感染者则不一样。在新冠病毒感染者潜伏期内，其是否具有感染力，以及何时能够感染别人，是一个值得研究的问题。相比数量相对较少的无症状病例，大多数在潜伏期没有症状的新冠病毒感染者更值得关注，因为他们会导致大量感染病例。在中国，所有与新冠肺炎病例密切接触的人都必须隔离。但由于资源有限，武汉仅隔离与确诊患者症状发作后密切接触的人，并未隔离与其症状发作前已紧密接触的其他人群。如果新冠病毒感染者在潜伏期无症状时就能传播，那么这一隔离漏洞可能导致大量感染病例。该团队在研究中着重检查了在潜伏期期间的新冠病毒感染者是否以及何时能感染其他人，以便为遏制措施提供线索，以减轻疾病的传播。准确估计新冠肺炎的潜伏期，对于弄清潜伏期的病例是否是潜在的感染源至关重要。武汉市大多数病例的接触时间不明确，因此不能用来估计潜伏期。通过检查在短暂访问武汉之后或与确诊病例有短接触史后，被确诊为新冠病毒感染的病例，可以根据其确切的暴露时间准确估算出潜伏期。此外，鉴定在症状发作之前已与确诊的新冠肺炎病例接触过的家庭或社区中的人，有助于评估潜伏期的潜在传播途径。研究团队从地方政府那里收集了在武汉市和湖北省以外确诊的新冠肺炎患者数据。这些信息包括人口统计学特征，暴露或接触史，暴露时间和症状发作时间，以及集群确诊病例的关系。为了提高潜伏期估计的准确性，研究团队所选病例仅限于准确暴露期不超过三天的病例。此外，研究者只选择了在春节（2020年1月25日）之前有症状发作的病例，以减少接触时间的偏差，因为春节探亲访友的习俗可能会导致人们的接触和交流增加，从而接触未知的传染源。因此，研究者所收集估计潜伏期的病例，需要满足以下标准：1、去武汉的旅行史短或与确诊病例有接触史，但没有接触过其他潜在的感染源；2、他们的停留时间或接触暴露时间不超过三天，并且可以获得有关接触日期和症状发作的具体信息。满足以上条件后，总共纳入了106例，进行潜伏期分析。研究团队将截至2020年2月16日的家庭或社区聚集新冠肺炎病例数据用于评估无症状潜伏期的传播潜力。研究团队将集群中的第一代病例定义为：曾去过武汉或有接触史（与来自武汉的人接触，或确诊病例），并被确诊为新冠病毒感阳性的人。继发病例的定义则是：与第一代病例有明确的接触史，并已确认感染了新冠病毒，但没有其他潜在的感染源。集群中的病例符合以下条件：继发病例与第一代病例在症状发作之前有密切接触的历史，并且第一代和继发病例的接触时间和症状出现时间信息完整。总共包括50个集群中的50例第一代病例和74例继发病例，以进行分析。在106例确诊的新冠肺炎病例中，有明确的旅行或接触史，中位年龄为41岁（19-73岁），其中70例（66.0％）为男性。（来源：澎湃新闻网）	0	0	0	0	0	0	0	0	0	0	0	0	0	0	0	0	0	0	0	0	0	0	0	0	0	0	0	0	0	0	0	0	0
233	            大部分（82.1％）的接触时间为1-2天，而67.9％的人到武汉的旅行史很短。研究者估计平均潜伏期为4.9天（95％置信区间[CI]为4.4至5.4天），范围为0.8至11.1天（2.5％至97.5％）。在感染新冠病毒的50个集群中，第一代病例的中位年龄为47岁（范围为21至73岁），其中男性为58.0％，有去武汉的历史。74例继发病例的中位年龄为45岁（范围7-83），男性为45.9％。如图2所示，大多数继发病例（89.2％）在其第一代病例后出现症状，但有4个继发病例（5.4％；在第5、21、29和46组中）症状出现时间在第一代病例之前。有四对第一代和继发病例（5.4％；在第22、35、41和43组中）在同一天出现症状。观察到的序列间隔的平均值和标准偏差（SD）为4.1±3.3天，在-1和13天分别为2.5和97.5个百分位数。	0	0	0	0	0	0	0	0	0	0	0	0	0	0	0	0	0	0	0	0	0	0	0	0	0	0	0	0	0	0	0	0	0
234	            在第一代病例的症状发作日期集中之后，第二代病例的感染曲线的峰值显示在第一代病例的症状发作日期之前。大多数继发病例（73.0％）在第一代病例症状发作之前被感染，而18.9％和8.1％分别在第一代病例症状发作之日和之后被感染。值得注意的是，在第一代病例的症状发作日期之前三天内，有66.2％的继发病例被感染。	0	0	0	0	0	0	0	0	0	0	0	0	0	0	0	0	0	0	0	0	0	0	0	0	0	0	0	0	0	0	0	0	0
235	            前后矛盾	0	0	0	0	0	0	0	0	0	0	0	0	0	0	0	0	0	0	0	0	0	0	0	0	0	0	0	0	0	0	0	0	0
236	            癌症患者在死亡前三天病情最严重	0	0	0	0	0	0	0	0	0	0	0	0	0	0	0	0	0	0	0	0	0	0	0	0	0	0	0	0	0	0	0	0	0
237	            我就想问问感染者发病前是通过什么途径传染到其他人的？？	0	0	0	0	0	0	0	0	0	0	0	0	0	0	0	0	0	0	0	0	0	0	0	0	0	0	0	0	0	0	0	0	0
238	            垃圾	0	0	0	0	0	0	0	0	0	0	0	0	0	0	0	0	0	0	0	0	0	0	0	0	0	0	0	0	0	0	0	0	0
239	            研究疫苗才是正事儿，这些数据，拿来我也能统计得出这个结论，有啥好研究的	0	0	0	0	0	0	0	0	0	0	0	0	0	0	0	0	0	0	0	0	0	0	0	0	0	0	0	0	0	0	0	0	0
240	            水平有限	0	0	0	0	0	0	0	0	0	0	0	0	0	0	0	0	0	0	0	0	0	0	0	0	0	0	0	0	0	0	0	0	0
241	            有解藥嗎？	0	0	0	0	0	0	0	0	0	0	0	0	0	0	0	0	0	0	0	0	0	0	0	0	0	0	0	0	0	0	0	0	0
242	            没发病接触的人肯定多呗 传染力自然高	0	0	0	0	0	0	0	0	0	0	0	0	0	0	0	0	0	0	0	0	0	0	0	0	0	0	0	0	0	0	0	0	0
243	            106例的样本太少了。不过新冠无症状或者轻微症状也有传染能力是肯定的。	0	0	0	0	0	0	0	0	0	0	0	0	0	0	0	0	0	0	0	0	0	0	0	0	0	0	0	0	0	0	0	0	0
244	            极具感染力？这词听着好像耳熟。	0	0	0	0	0	0	0	0	0	0	0	0	0	0	0	0	0	0	0	0	0	0	0	0	0	0	0	0	0	0	0	0	0
245	            我看不懂这玩意。能不能白话点	0	0	0	0	0	0	0	0	0	0	0	0	0	0	0	0	0	0	0	0	0	0	0	0	0	0	0	0	0	0	0	0	0
246	            随着印度疫情的高度失控，其通过野生动物特别是迁徙飞禽的传染可能很快在东南亚引起更强的一波疫情风险。这一风险可能通过 热带大蝙蝠的迁徙而远及非洲与澳大利亚。疫情通过野生动物这种更有力的方式形成区域性的高烈度疫情将使的疫情的应对更加困难，特别是通过野生动物链后。病毒的变异将带来更困难的技术困局。像印度这样的疫情烈度，实行有限的军事管制便成为应对疫情的必要措施。为此建立必要的规则与适用军事措施便成为应疫情高烈度后带来的巨大当量型传染的民生措施。	0	0	0	0	0	0	0	0	0	0	0	0	0	0	0	0	0	0	0	0	0	0	0	0	0	0	0	0	0	0	0	0	0
247	            所以兔子和巴羊才捏着鼻子也想帮白象把疫情控制住，不然后果不堪设想	0	0	0	0	0	0	0	0	0	0	0	0	0	0	0	0	0	0	0	0	0	0	0	0	0	0	0	0	0	0	0	0	0
248	            古代处理瘟疫得病全部烧死 适合印度	0	0	0	0	0	0	0	0	0	0	0	0	0	0	0	0	0	0	0	0	0	0	0	0	0	0	0	0	0	0	0	0	0
249	            中国已经为中缅边境交流的缅甸人，免费接种新冠疫苗。	0	0	0	0	0	0	0	0	0	0	0	0	0	0	0	0	0	0	0	0	0	0	0	0	0	0	0	0	0	0	0	0	0
250	            世界人民应该帮助印度人从地球上消失，he弹集中空投给印度，也好让莫迪老🐶早点闭嘴！	0	0	0	0	0	0	0	0	0	0	0	0	0	0	0	0	0	0	0	0	0	0	0	0	0	0	0	0	0	0	0	0	0
251	            3月10日，名为B.Z.的网民在白宫请愿网站“我们人民（WE the PEOPLE）”发起一条请愿贴，要求美国政府公布去年7月关闭德特里克堡生物实验室的真正原因，以澄清该实验室是否是新冠病毒的研究单位，以及是否存在病毒泄漏问题。	0	0	0	0	0	0	0	0	0	0	0	0	0	0	0	0	0	0	0	0	0	0	0	0	0	0	0	0	0	0	0	0	0
252	            距离华盛顿美国陆军医疗司令部仅一小时车程的德特里克堡，究竟在进行什么实验，是否造成大规模泄露？美国疾控中心（CDC）检查德特里克堡时都发现了什么？德特里克堡的秘密历史：中情局（CIA）精神控制实验基地去年9月，美国“政客”新闻网刊发文章称：“如今的德特里克堡是一个前沿实验室。在20世纪50年代和60年代，它是美国政府最黑暗的实验中心。”	0	0	0	0	0	0	0	0	0	0	0	0	0	0	0	0	0	0	0	0	0	0	0	0	0	0	0	0	0	0	0	0	0
253	            文章称，76年前，美军曾选择德特里克堡作为秘密发动细菌战的地点。多年来，它一直是中情局隐秘的化学实验和精神控制实验基地，基地的大部分活动也都是“机密”。二战期间，德特里克堡开始进行生化武器实验。1942年，美国陆军雇用了威斯康星大学的生物化学家艾拉·鲍德温秘密开发生化武器，并要求鲍德温为新的生物研究综合体寻找适合的场所。鲍德温选择了当时被废弃的国民警卫队基地，命名为“德特里克试验田”。1943年，陆军宣布将其改名为“德特里克营地”，并将其指定为陆军生物战实验室的总部，同时购买了几个相邻的农场，以保证更多的空间和隐私。1949年春，陆军在德特里克营地建立了一支小型且高度机密的化学家小组，名为“特种作战司”，任务是为毒菌寻找军事用途。与此同时，中情局组建了化学特种部队。中情局常驻欧洲和亚洲的官员希望开发新的手段，诱使被抓捕的间谍嫌犯在无意识状态下泄露机密。当时掌管中情局秘密行动部门的艾伦·杜勒斯认为，他的精神控制计划（MK-ULTRA计划）具有极其重要的意义。1951年，杜勒斯聘请了化学家西德尼·戈特利布，希望进一步推进MK-ULTRA计划。戈特利布长期寻找一种能摧毁人类意识的方法。他测试了数量惊人的复方合剂，而这些药物基本都与精神折磨有关。MK-ULTRA计划结束后，德特里克堡于1956年正式定名。此后，它依然被保留为戈特利布的化学基地，用来开发和储存中情局的毒药。戈特利布在冰柜中储存着可能引起天花、结核病、炭疽在内的致病生物制剂，以及大量有机毒素，包括蛇毒和**性贝类毒素。美疾控中心：德特里克堡存在多项违规行为2019年8月，美国疾病控制与预防中心（CDC）突然下令临时关闭德里特里克堡的美国陆军传染病医学研究所（USAMRIID）。据《纽约时报》报道，疾控中心指出，美国陆军传染病医学研究所没有“完善的系统”来净化实验室的废水。但是，疾控中心以“国家安全原因”为由，拒绝公布有关其决定的信息。	0	0	0	0	0	0	0	0	0	0	0	0	0	0	0	0	0	0	0	0	0	0	0	0	0	0	0	0	0	0	0	0	0
254	            报道称，暂停的实验室研究中，涉及某些已被政府认定为“对公众、动植物健康或动植物产品构成严重威胁”的毒素。此前，德里特里克堡处理实验室废水的蒸汽消毒厂，因暴风雨而损毁。随后，该基地使用了新的去污系统来取代蒸汽消毒厂。但是，疾控中心在2019年7月的检查中发现，陆军传染病医学研究院没有执行新的消毒程序，新系统出现了机械问题和泄漏。马里兰州当地媒体《弗雷德里克新闻邮报》披露的部分检查结果显示，除废水处理系统外，美国陆军传染病医学研究所还存在多项违规行为。2019年早些时候，美国陆军传染病医学研究院报告了两起泄漏事件。实验室系统也未能执行生物安全和遏制程序，以充分控制BSL-3和BSL-4实验室产生的选定试剂或毒素。	0	0	0	0	0	0	0	0	0	0	0	0	0	0	0	0	0	0	0	0	0	0	0	0	0	0	0	0	0	0	0	0	0
255	            有实验室员工在清除生物危害**时，故意撑开高压灭菌室的门，增加了污染空气进入高压灭菌室的风险。高压灭菌室内，工作人员通常不佩戴防护装置。	0	0	0	0	0	0	0	0	0	0	0	0	0	0	0	0	0	0	0	0	0	0	0	0	0	0	0	0	0	0	0	0	0
256	            此外，一些工作人员在处理生物危害性**时没有佩戴手套。实验室的建筑物表面没有完全密封，天花板和生物安全柜都有裂缝。据“全球生物防御”（Global Biodefence）网站报道，在疾控中心最后一次实地检查之后，美国陆军传染病医学研究所已于3月27日全面恢复运行。目前，新冠病毒的源头尚未确定，但美国一些政客却试图将来源强加于中国，对陆军传染病医学研究所神秘“关闭”和迅速重启的原因讳莫如深。美国政府有责任有义务回答清楚，给全世界一个交代。	0	0	0	0	0	0	0	0	0	0	0	0	0	0	0	0	0	0	0	0	0	0	0	0	0	0	0	0	0	0	0	0	0
257	            俺试试能不能评论	0	0	0	0	0	0	0	0	0	0	0	0	0	0	0	0	0	0	0	0	0	0	0	0	0	0	0	0	0	0	0	0	0
258	            你的意思新冠肺炎出自美国的实验室喽	0	0	0	0	0	0	0	0	0	0	0	0	0	0	0	0	0	0	0	0	0	0	0	0	0	0	0	0	0	0	0	0	0
259	            可能就是来源于这里	0	0	0	0	0	0	0	0	0	0	0	0	0	0	0	0	0	0	0	0	0	0	0	0	0	0	0	0	0	0	0	0	0
260	            冲啊，奥力给	0	0	0	0	0	0	0	0	0	0	0	0	0	0	0	0	0	0	0	0	0	0	0	0	0	0	0	0	0	0	0	0	0
261	            |･ω･｀)	0	0	0	0	0	0	0	0	0	0	0	0	0	0	0	0	0	0	0	0	0	0	0	0	0	0	0	0	0	0	0	0	0
262	            你这不是阴谋论吗。	0	0	0	0	0	0	0	0	0	0	0	0	0	0	0	0	0	0	0	0	0	0	0	0	0	0	0	0	0	0	0	0	0
263	            ？	0	0	0	0	0	0	0	0	0	0	0	0	0	0	0	0	0	0	0	0	0	0	0	0	0	0	0	0	0	0	0	0	0
264	            无聊和美国那群**一样无聊	0	0	0	0	0	0	0	0	0	0	0	0	0	0	0	0	0	0	0	0	0	0	0	0	0	0	0	0	0	0	0	0	0
265	 现在都是三针的，北京生物这种两针的疫苗，社区都没有，我是不是打不到了啊！	0	0	0	0	0	0	0	0	0	0	0	0	0	0	0	0	0	0	0	0	0	0	0	0	0	0	0	0	0	0	0	0	0
266	            国家卫生健康委正在统筹全程两针，第二针疫苗接种。争取在8周间隔时间内，完成第二针疫苗接种。针对已经接种第一针疫苗的人群，统筹安排。	0	0	0	0	0	0	0	0	0	0	0	0	0	0	0	0	0	0	0	0	0	0	0	0	0	0	0	0	0	0	0	0	0
267	            我4月19日还在大渡口打了北京生物的	0	0	0	0	0	0	0	0	0	0	0	0	0	0	0	0	0	0	0	0	0	0	0	0	0	0	0	0	0	0	0	0	0
268	            大伙，问个问题，明天就要打疫苗了，今天有点感冒有影响吗?	0	0	0	0	0	0	0	0	0	0	0	0	0	0	0	0	0	0	0	0	0	0	0	0	0	0	0	0	0	0	0	0	0
269	            没吃消炎药  不发烧应该就没事  和医生说明你的情况会给出明确答复	0	0	0	0	0	0	0	0	0	0	0	0	0	0	0	0	0	0	0	0	0	0	0	0	0	0	0	0	0	0	0	0	0
270	            有影响，等感冒好了再打。	0	0	0	0	0	0	0	0	0	0	0	0	0	0	0	0	0	0	0	0	0	0	0	0	0	0	0	0	0	0	0	0	0
271	            最近，美国开发出来一款智能手表，可能会给新冠病毒的检测和治疗带来革命性的变化。该手表通过人们的汗水即可识别出死亡风险较高的患者，能检测到免疫系统潜在的致命过度反应的迹象。这款名为SWEATSENSER Dx的设备在美国化学学会的一次虚拟会议上公布，它可以提醒医生和病人防范即将到来的病毒攻击。特别是现在在新冠疫情的背景下，如果能监测促炎细胞因子并看到它们的上升趋势，就可以尽早治疗患者，甚至在出现症状之前干预。德克萨斯大学教授Shalini表示，早期诊断至关重要，这为更快更有效的治疗打开了大门。在疫情早期，蛋白质激增的人往往病情严重。这种并发症也可能发生在其他疾病中，包括流感。目前，血液测试可以检测细胞因子，但它们很难在家里完成，也不能进行持续监测。这些蛋白质也会在汗液中以较低的水平排出，但是锻炼和运动会改变收集方式。Shalini解释说:“说到细胞因子，我们发现必须通过被动出汗来测量它们，但最大的挑战是我们出汗不多，尤其是在有空调的环境下。”她估计，大多数人在10分钟内，在半平方英寸的皮肤上只会产生十分之一的水滴量。被动的汗液会扩散到一个带有两个电极和七种促炎蛋白抗体的一次性条上，这些抗体附着在电子读取器上。它将电流数据无线传输到智能手机应用程序中，将测量结果转换为蛋白质浓度。几分钟后，旧汗散去，新汗进入分析。这款智能手表是基于监测炎症性肠病(IBD)而开发的类似传感器。一项针对6名健康人和5名流感患者的研究发现，后一组中有2人的细胞因子升高。在所有参与者中，被动出汗中的蛋白质与血清中的水平相关。该测量仪器非常灵敏，可以测量出，服用消炎药的患者体内的细胞因子浓度要低得多；而且它还经济环保耗能低，一个传感器条可以跟踪一周的水平。Shalini和其团队正计划在呼吸道感染患者中进行该设备的临床试验，并表示：接触新冠患者是一个挑战，因为医护人员不堪重负，没有特别多的时间测试试验设备，但我们将继续对所有呼吸道感染患者进行检测，因为疾病本身的诱因并不重要。我们感兴趣的是细胞因子的变化。声明：本文版权归原作者所有，转载请注明出处，请勿转载至外网或用于商业用途。	0	0	0	0	0	0	0	0	0	0	0	0	0	0	0	0	0	0	0	0	0	0	0	0	0	0	0	0	0	0	0	0	0
272	 	1	0	0	0	0	0	0	0	0	0	0	0	0	0	0	0	0	0	0	0	0	0	0	0	0	0	0	0	0	0	0	0	0
273	            现在10月5日，确诊达到3530多w，平均每月增750-900w看样子，最快10月18日就4000w了，盲测10月25日4000w。同时死亡人数达110-120w。	0	0	0	0	0	0	0	0	0	0	0	0	0	0	0	0	0	0	0	0	0	0	0	0	0	0	0	0	0	0	0	0	0
274	            重大事件：川普确诊新冠海水发现新冠病毒全球死亡病例达100w欧洲爆发第二波疫情	0	0	0	0	0	0	0	0	0	0	0	0	0	0	0	0	0	0	0	0	0	0	0	0	0	0	0	0	0	0	0	0	0
275	            死亡增加没那么快	0	0	0	0	0	0	0	0	0	0	0	0	0	0	0	0	0	0	0	0	0	0	0	0	0	0	0	0	0	0	0	0	0
276	            大概是10月19日-10月22日。按照现在这速度，年底会超过6000万例。	0	0	0	0	0	0	0	0	0	0	0	0	0	0	0	0	0	0	0	0	0	0	0	0	0	0	0	0	0	0	0	0	0
277	            秋冬季节来了，第2波新冠病毒的疫情已在欧美爆发，如果还不采取有效的防控措施，不久之后很有可能超过1亿感染新冠病毒	0	0	0	0	0	0	0	0	0	0	0	0	0	0	0	0	0	0	0	0	0	0	0	0	0	0	0	0	0	0	0	0	0
278	            和IPHONE发布会接近	0	0	0	0	0	0	0	0	0	0	0	0	0	0	0	0	0	0	0	0	0	0	0	0	0	0	0	0	0	0	0	0	0
279	            说句话 证明我健在	0	0	0	0	0	0	0	0	0	0	0	0	0	0	0	0	0	0	0	0	0	0	0	0	0	0	0	0	0	0	0	0	0
280	            新冠加速了，估计半个星期就4000w，死亡病例突破110w	0	0	0	0	0	0	0	0	0	0	0	0	0	0	0	0	0	0	0	0	0	0	0	0	0	0	0	0	0	0	0	0	0
281	            实际疫情数字比已报道的数字多得多	0	0	0	0	0	0	0	0	0	0	0	0	0	0	0	0	0	0	0	0	0	0	0	0	0	0	0	0	0	0	0	0	0
282	            差几万就破4000W了	0	0	0	0	0	0	0	0	0	0	0	0	0	0	0	0	0	0	0	0	0	0	0	0	0	0	0	0	0	0	0	0	0
283	            3995w感染，111w死亡，明天肯定4000w了，居然比预测还要早5天	0	0	0	0	0	0	0	0	0	0	0	0	0	0	0	0	0	0	0	0	0	0	0	0	0	0	0	0	0	0	0	0	0
284	            不知道彻底结束会死亡多少人	0	0	0	0	0	0	0	0	0	0	0	0	0	0	0	0	0	0	0	0	0	0	0	0	0	0	0	0	0	0	0	0	0
285	            不用等到25号了，明天	0	0	0	0	0	0	0	0	0	0	0	0	0	0	0	0	0	0	0	0	0	0	0	0	0	0	0	0	0	0	0	0	0
286	            现在3993万。今天夜里会破4000万。	0	0	0	0	0	0	0	0	0	0	0	0	0	0	0	0	0	0	0	0	0	0	0	0	0	0	0	0	0	0	0	0	0
287	            金毛儿胖子得病那是好事儿啊，不过美国谁当总统，对华的态度都是一样的。	0	0	0	0	0	0	0	0	0	0	0	0	0	0	0	0	0	0	0	0	0	0	0	0	1	0	0	0	0	0	0	0	0
288	            现在18到59周岁免费接种，现在不接种以后会强制自费接种吗？还有没有疫苗证明会阻止什么不	0	0	0	0	0	0	0	0	0	0	0	0	0	0	0	0	0	0	0	0	0	0	0	0	0	0	0	0	0	0	0	0	0
289	            强制再说	0	0	0	0	0	0	0	0	0	0	0	0	0	0	0	0	0	0	0	0	0	0	0	0	0	0	0	0	0	0	0	0	0
290	            9000万党员先打。	0	0	0	0	0	0	0	0	0	0	0	0	0	0	0	0	0	0	0	0	0	0	0	0	0	0	0	0	0	0	0	0	0
291	            等等看	0	0	0	0	0	0	0	0	0	0	0	0	0	0	0	0	0	0	0	0	0	0	0	0	0	0	0	0	0	0	0	0	0
292	            武汉这里是18到70岁免费打	0	0	0	0	0	0	0	0	0	0	0	0	0	0	0	0	0	0	0	0	0	0	0	0	0	0	0	0	0	0	0	0	0
293	            让子弹多飞一会	0	0	0	0	0	0	0	0	0	0	0	0	0	0	0	0	0	0	0	0	0	0	0	0	0	0	0	0	0	0	0	0	0
294	            哪里阔以免费？	0	0	0	0	0	0	0	0	0	0	0	0	0	0	0	0	0	0	0	0	0	0	0	0	0	0	0	0	0	0	0	0	0
295	            领导先打	0	0	0	0	0	0	0	0	0	0	0	0	0	0	0	0	0	0	0	0	0	0	0	0	0	0	0	0	0	0	0	0	0
296	            上午刚打完疫苗，挺好的	0	0	0	0	0	0	0	0	0	0	0	0	0	0	0	0	0	0	0	0	0	0	0	0	0	0	0	0	0	0	0	0	0
297	            让一线人员打先！我不急一年后再打	0	0	0	0	0	0	0	0	0	0	0	0	0	0	0	0	0	0	0	0	0	0	0	0	0	0	0	0	0	0	0	0	0
298	            打不到，我今天跑了两个地方，都打完了，一个排队的地方，要预约才行，但是别人只说了网上预约，我网上搜都搜不到怎么预约	0	0	0	0	0	0	0	0	0	0	0	0	0	0	0	0	0	0	0	0	0	0	0	0	0	0	0	0	0	0	0	0	0
299	            疫苗是药，是药三分毒	0	0	0	0	0	0	0	0	0	0	0	0	0	0	0	0	0	0	0	0	0	0	0	0	0	0	0	0	0	0	0	0	0
300	            1．累计确诊会有多少？2．现有确诊什么时候降到万人以下？3．累计会死亡多少？4．海外累计会有多少？	0	0	0	0	0	0	0	0	0	0	0	0	0	0	0	0	0	0	0	0	0	0	0	0	0	0	0	0	0	0	0	0	0
301	            我：1.798002.3月16日3.36004.10000	0	0	0	0	0	0	0	0	0	0	0	0	0	0	0	0	0	0	0	0	0	0	0	0	0	0	0	0	0	0	0	0	0
302	            第二个是硬伤	0	0	0	0	0	0	0	0	0	0	0	0	0	0	0	0	0	0	0	0	0	0	0	0	0	0	0	0	0	0	0	0	0
303	            累计8万  第二问不好说  死亡2500人  海外不好说	0	0	0	0	0	0	0	0	0	0	0	0	0	0	0	0	0	0	0	0	0	0	0	0	0	0	0	0	0	0	0	0	0
304	            海外刚开始。	0	0	0	0	0	0	0	0	0	0	0	0	0	0	0	0	0	0	0	0	0	0	0	0	0	0	0	0	0	0	0	0	0
305	            1.10万2.30天3.5千4.10万	0	0	0	0	0	0	0	0	0	0	0	0	0	0	0	0	0	0	0	0	0	0	0	0	0	0	0	0	0	0	0	0	0
306	            1：10-12万2：4月份3：5千左右4：保底过万	0	0	0	0	0	0	0	0	0	0	0	0	0	0	0	0	0	0	0	0	0	0	0	0	0	0	0	0	0	0	0	0	0
307	            开始每天减少的重症就是死亡人数。这2天好多了，死亡人数只有减少重症的1/4。个人觉得最终死亡人数也有4000+。希望明天开始每天减少死亡人数。天地不仁以万物为刍狗圣人不仁以百姓为刍狗。	0	0	0	0	0	0	0	0	0	0	0	0	0	0	0	0	0	0	0	0	0	0	0	0	0	0	0	0	0	0	0	0	0
308	            天有不测风云，人有旦夕祸福!人与天地自然万物是紧密相连的，一但这些遭到破坏，而然，人类也会有灭绝的危险!	0	0	0	0	0	0	0	0	0	0	0	0	0	0	0	0	0	0	0	0	0	0	0	0	0	0	0	0	0	0	0	0	0
309	            77048+4148+20*30-22983-1200*30=预测3月23还有22813名病患,呵呵😊	0	0	0	0	0	0	0	0	0	0	0	0	0	0	0	0	0	0	0	0	0	0	0	0	0	0	0	0	0	0	0	0	0
310	            1500万(留驻1000+流出500)×1.3%(各国撤侨千人样本感染率)×2.6(一代分发率)×2.6(6天后二代分发)=131万	0	0	0	0	0	0	0	0	0	0	0	0	0	0	0	0	0	0	0	0	0	0	0	0	0	0	0	0	0	0	0	0	0
311	            1全球流行（一年上千万上亿）2永远3五十万起步（真实数据）4千万或亿级别	0	0	0	0	0	0	0	0	0	0	0	0	0	0	0	0	0	0	0	0	0	0	0	0	0	0	0	0	0	0	0	0	0
312	            国内累计估计最多8w5就打住，现有确诊消化完估计得俩月，累计死亡应该不超过4000,海外目前看样子日本韩国形势很严峻，有点像国内早期的样子，美国欧洲也有流行的趋势，海外感染怕是数十万计，还得看海外预防的措施还有药物、疫苗的研发进度	0	0	0	0	0	0	0	0	0	0	0	0	0	0	0	0	0	0	0	0	0	0	0	0	0	0	0	0	0	0	0	0	0
313	            1.累计患病15万，全面复工两周后应该会有一波强力反弹，虽然不会像武汉那么猛烈，奈何人口基数大，这几天深圳街上已经有很多不戴口罩的二货了，不是一两个2.60天后确诊存量万人以下3.致死5000人加，只多不少4.按照日本韩国还有新加坡的应对措施和反应速度，这样的玩法海外20w都是保守估计	0	0	0	0	0	0	0	0	0	0	0	0	0	0	0	0	0	0	0	0	0	0	0	0	0	0	0	0	0	0	0	0	0
314	            好久不见，玩家，我们保留了你们的数据，此次周期例行激活让我们感到惊喜，玩家变得更强了。我们的目标并非消灭所有玩家，所以每次激活前会在18年前进行一次短暂的测试，以免让玩家毫无抵抗之力。我们帮助玩家进化，推动历史演化，促进文明发展，并惩戒腐朽的文明。你们若不腐朽，为何在我们面前不堪一击。当今世界，强者，需面面俱强，畸形的文明必须消灭。我们不在意某个物种的稀有或者某种文明的先进，实践是检验你们是否合格的唯一标准，我们加速你们的优胜劣汰，适者生存。	0	0	0	0	0	0	0	0	0	0	0	0	0	0	0	0	0	0	0	0	0	0	0	0	0	0	0	0	0	0	0	0	0
315	            我们这里有两口子在武汉经商，腊月二十回来了，今天是大年初二，才知道他们是从那回来的，我说要举报，早发现，早隔离，早控制，全家人都反对，说怕影响以后上班，怕影响孩子开学被隔离，都怕影响自己是本村人而被隔离……怎么办呢？	0	0	0	0	0	0	0	0	0	0	0	0	0	0	0	0	0	0	0	0	0	0	0	0	0	0	0	0	0	0	0	0	0
316	            这时候别管了，去举报。不然全村团灭	0	0	0	0	0	0	0	0	0	0	0	0	0	0	0	0	0	0	0	0	0	0	0	0	0	0	0	0	0	0	0	0	0
317	            对的，强制隔离两周。。。	0	0	0	0	0	0	0	0	0	0	0	0	0	0	0	0	0	0	0	0	0	0	0	0	0	0	0	0	0	0	0	0	0
318	            ……。这个真不是讲情面的时候，举报不是害谁，而是救人命的大事。长远利益讲，你不举报反而是害了大家。尽然隔离才是拯救整个村子的希望！	0	0	0	0	0	0	0	0	0	0	0	0	0	0	0	0	0	0	0	0	0	0	0	0	0	0	0	0	0	0	0	0	0
319	            这都过去这些天了那家人有没有啥症状啊，没有发烧应该没被感染吧	0	0	0	0	0	0	0	0	0	0	0	0	0	0	0	0	0	0	0	0	0	0	0	0	0	0	0	0	0	0	0	0	0
320	            早发现可能只感染他们，瞒报可能全村团咩，这时候还想着上班开学的只能说思想太落后了	0	0	0	0	0	0	0	0	0	0	0	0	0	0	0	0	0	0	0	0	0	0	0	0	0	0	0	0	0	0	0	0	0
321	            没症状就算了，要是感冒咳嗽就别讲情面了	0	0	0	0	0	0	0	0	0	0	0	0	0	0	0	0	0	0	0	0	0	0	0	0	0	0	0	0	0	0	0	0	0
322	            你匿名举报，要求公安保密	0	0	0	0	0	0	0	0	0	0	0	0	0	0	0	0	0	0	0	0	0	0	0	0	0	0	0	0	0	0	0	0	0
323	            不想全村全灭，立即举报。你就是全村人的大恩公。	0	0	0	0	0	0	0	0	0	0	0	0	0	0	0	0	0	0	0	0	0	0	0	0	0	0	0	0	0	0	0	0	0
324	            山城区九完小对面的房子，卖了吗?我要，私信我	0	0	0	0	0	0	0	0	0	0	0	0	0	0	0	0	0	0	0	0	0	0	0	0	0	0	0	0	0	0	0	0	0
